source,variant,n_companies_any_entry,mean_entry_share_among_any,median_entry_share_among_any,q25,q75,max
kaggle_arshkon,J3,67,0.26839247518589865,0.2,0.1188235294117647,0.3333333333333333,1.0
kaggle_asaniczka,J3,237,0.21736454111983408,0.16666666666666666,0.08333333333333333,0.25,1.0
scraped,J3,583,0.29668565133900643,0.25,0.14285714285714285,0.375,1.0
