metric,definition,mean_ar,mean_sc,total_change,within_component,between_component,interaction,n_panel_rows
entry_share_J1,seniority_final='entry',0.03186097031136857,0.032468183184687846,0.0006072128733192739,-0.004800357375546945,0.003426550748387082,0.001981019500479137,125
entry_share_J2,"seniority_final in entry,associate",0.03548153511947864,0.03567491732638541,0.00019338220690677532,-0.005105746490599315,0.0031785344927033124,0.002120594204802778,125
entry_share_J3,yoe_llm<=2 (LLM frame),0.12007684918347743,0.17042073948151296,0.05034389029803553,-0.00032124399570175843,0.05250135747678071,-0.0018362231830434256,121
entry_share_J4,yoe_llm<=3 (LLM frame),0.24399615754082613,0.31852953676158097,0.07453337922075484,0.0017679753693292568,0.07934716043214016,-0.006581756580714568,121
ai_mention_share,raw AI keyword regex,0.13178855901520636,0.5222968233289909,0.3905082643137845,0.31417319506701746,0.13825881762281117,-0.06192374837604414,125
desc_length_mean,description_length chars,3488.7161477190443,5240.934763002305,1752.2186152832605,970.2006218893832,777.0593982540181,4.958595139859199,125
tech_per_post_mean,curated tech regex token count,6.030412744388125,7.020843771921034,0.9904310275329093,1.6897131629301305,-0.2909947374592008,-0.4082873979380204,125
