metric,baseline_2024,value_2026,change,within_company,between_company_within_domain,between_domain,within_plus_between,residual
entry_final,0.03246041008786482,0.024426961143399283,-0.008033448944465539,-0.015294899108326824,0.012620923613847253,-0.003412552328348087,-0.006086527822827658,-0.001946921121637881
entry_yoe,0.09494552849653966,0.14643698858386336,0.05149146008732371,0.007311826518916343,-0.0034907492784966992,-0.001546537500153284,0.0022745397402663594,0.049216920347057345
