{
  "n_total": 63701,
  "n_2024": 22820,
  "n_2026": 40881,
  "score_median_2024": -0.01191254590095675,
  "score_median_2026": 1.1301225214565247,
  "score_mean_delta": 1.1451571457870673,
  "breadth_regress": {
    "beta0": -15.003745155245635,
    "beta1": 3.2873234280906165,
    "R2": 0.16213222401248217
  },
  "low40_within_period_n": 25480,
  "low40_global_n": 25481,
  "panel_n_companies": 343,
  "attenuations_within_period": {
    "ai_broad_bin": 0.859821792400408,
    "ai_strict_bin": 0.7689474388674664,
    "breadth_resid": 0.7096681243871122,
    "desc_len_chars": 2.19056291700687,
    "mentor_bin": 0.8007776389015887,
    "mentor_senior_only": 0.7218260646556933,
    "req_header_bin": 1.6297684638376717,
    "requirement_breadth": 1.1481443524688066
  },
  "attenuations_global": {
    "ai_broad_bin": 0.6419797488152073,
    "ai_strict_bin": 0.7146815144909232,
    "breadth_resid": 0.4843097913342129,
    "desc_len_chars": -0.5621294767350604,
    "mentor_bin": -0.07044336127970502,
    "mentor_senior_only": 0.1435369773312767,
    "req_header_bin": 1.2812412155136215,
    "requirement_breadth": 0.23420212945012162
  }
}