{
  "n": 63701,
  "n_2024": 22820,
  "n_2026": 40881,
  "score_median_2024": -0.01191254590095675,
  "score_median_2026": 1.1301225214565247,
  "score_mean_2024": -5.433929543164117e-06,
  "score_mean_2026": 1.145151711857524,
  "score_sd_2024": 0.4832142792370262,
  "score_sd_2026": 0.7308620313622768,
  "feature_weights": "equal z-score across [llm_vocab_k, em_dash_k, sent_mean, bullet_k, -ttr_first1k]",
  "baseline_period": "2024"
}