period2,seniority_3level,mgmt_rebuilt_density,mgmt_t11_density,orch_density,strat_density,mentor_bin,ai_strict_bin,n
2024,junior,0.0,0.05653356419140318,0.34602996607460124,0.18283515543888287,0.0,0.004819277108433735,415
2024,mid,0.0,0.04394391146850843,0.5997147439881495,0.244464961906886,0.0,0.018518518518518517,54
2024,senior,0.03917857987907719,0.20424541935320903,0.4227871087013918,0.27185269675045287,0.03402854006586169,0.010903768752286864,13665
2024,unknown,0.009908883443282059,0.08683356263073785,0.4562200991086974,0.23626982327569707,0.010706884641952567,0.009555606723463044,8686
2026,junior,0.004005096705763561,0.10821677397988143,1.0125878529915733,0.17494092907639913,0.0036363636363636364,0.09878787878787879,1650
2026,mid,0.0,0.05502102072491751,1.07736973365428,0.3766876317798173,0.0,0.12396694214876033,121
2026,senior,0.0382439283838586,0.22640284029328817,1.0903050252451165,0.3371421691228558,0.052526462951867386,0.11853405232674256,20028
2026,unknown,0.013279529834065471,0.09444507183440543,1.1764920712809508,0.25769662712633595,0.016285398418232844,0.09873288544944298,23518
