period2,seniority_final,mgmt_rebuilt_density,mgmt_t11_density,orch_density,strat_density,ai_strict_bin,mentor_bin,desc_len,n
2024,director,0.031166815796659638,0.11541168220313004,0.39578457229557473,0.530790147996294,0.01098901098901099,0.03296703296703297,1268.3846153846155,91
2024,mid-senior,0.039232290688823765,0.20484096009880037,0.4229681335144851,0.27011678190859556,0.010903197288934728,0.03403565640194489,1078.75320465596,13574
2026,director,0.026259498211098565,0.2297872427284272,0.8332921988897145,0.5601408540455282,0.1476923076923077,0.043076923076923075,2000.6184615384616,325
2026,mid-senior,0.03844161096042801,0.2263470147443149,1.0945444389671641,0.33346381696329286,0.11805308836217834,0.052682332639699535,1673.46287367406,19703
