metric,n,pearson_r,pearson_p,pearson_lo,pearson_hi,spearman_r,spearman_p,cohort
breadth_resid_mean,147,-0.028288542925504534,0.733765809434327,-0.18931771445918005,0.1342223800873498,0.0061250825231878026,0.9413052792298793,within_2024_arshkon_vs_asaniczka
ai_strict_mean,147,-0.06282356318928467,0.44968523866567217,-0.22245718442154447,0.10009065886940623,0.006127205302903138,0.9412849736769691,within_2024_arshkon_vs_asaniczka
mgmt_mean,147,-0.032530440012410705,0.6956884681393051,-0.1934080561524163,0.1300506893873998,0.15858286812832006,0.055052790463073965,within_2024_arshkon_vs_asaniczka
desc_len_median,147,-0.18307133083691948,0.026455066058638458,-0.33503751347211125,-0.02182188981441176,-0.14909210003283344,0.07149804912401704,within_2024_arshkon_vs_asaniczka
yoe_llm_median,140,-0.018992489263086724,0.8237475867827954,-0.18431798128276183,0.14737816840462978,-0.003578665274142607,0.966527521692239,within_2024_arshkon_vs_asaniczka
tech_count_mean,147,-0.0322970672911847,0.697764735218978,-0.1931831667009955,0.13028034935256008,-0.012924666468644276,0.8765280679815295,within_2024_arshkon_vs_asaniczka
scope_mean,147,0.028496162289478207,0.7318860551301293,-0.1340183309472882,0.18951804611271905,0.13080311123781077,0.11429997994052124,within_2024_arshkon_vs_asaniczka
