family,cosine_to_swe_2024,cosine_to_swe_2026,delta_cosine_to_swe,self_cosine_2024_vs_2026
data_engineer,0.6295575087084688,0.6608716297930054,0.03131412108453657,0.9278799082915513
network_engineer,0.4671134515460234,0.4422959666288832,-0.024817484917140198,0.9546341027191665
data_scientist,0.5648442798416844,0.6293783065499824,0.064534026708298,0.9433808885043664
ml_engineer,0.5087908354764897,0.7258268874634182,0.21703605198692844,0.8105231546325763
devops_sre,0.730186862087812,0.7355508118295438,0.005363949741731822,0.8998776611303472
security_engineer,0.5514100017361878,0.5277960971963827,-0.023613904539805164,0.9515374764874952
solutions_architect,0.754745035912242,0.7612224913314315,0.006477455419189537,0.8928457584664015
qa_quality_engineer,0.5204972579412035,0.5113911100295121,-0.009106147911691398,0.9633325240721895
data_analyst,0.5391214405441448,0.542423464538608,0.0033020239944632213,0.9364567684366583
