occupation_group,period,n,ai_strict_prev,length_mean,length_median,scope_prev,tech_count_mean,tech_count_median,reqs_share_t13,reqs_share_simple,sen_entry_share,sen_associate_share,sen_mid-senior_share,sen_director_share,sen_unknown_share
SWE,2024,19447,0.007713271969969661,3707.145677996606,3501.0,0.4437702473389212,3.7192369002931045,3.0,0.24954013308881098,0.043478618638219495,0.01964313261685607,0.002673934282922816,0.5735074818738108,0.0037023705455854375,0.4004730806808248
SWE,2026,37609,0.14988433619612326,5097.232072110399,5084.0,0.6537796803956499,4.833949320641336,4.0,0.22773595698066942,0.16255555335152583,0.03757079422478662,0.0029514212023717726,0.45534313595150094,0.008269297242681273,0.49586535137865934
SWE_ADJACENT,2024,10147,0.006208731644821129,3935.4127328274367,3655.0,0.45274465359219473,1.9100226667980684,1.0,0.23108449977272538,0.043158154034421664,0.022962451956243225,0.003252192766334877,0.5033014684143097,0.006110180348871588,0.46437370651424065
SWE_ADJACENT,2026,10726,0.11420846541115047,5311.092019392131,5239.0,0.700447510721611,3.0853067313071043,2.0,0.2338808428262624,0.06317584803893482,0.044098452358754425,0.007738206227857543,0.4534775312325191,0.014264404251351856,0.48042140592951704
CONTROL,2024,108649,0.001803974265754862,3743.1458918167677,3212.0,0.1525738847113181,0.03629117617281337,0.0,0.21741497236434199,0.13962432331133862,0.03193770766412944,0.0009572108348903349,0.19808741912028643,0.0072711207650323515,0.7617465416156615
CONTROL,2026,43056,0.0035535117056856185,4443.370099405425,4000.0,0.3203270159791899,0.09747770345596432,0.0,0.28060689465850447,0.19950149489312125,0.03978539576365663,0.0012077294685990338,0.26581661092530656,0.012774061687105166,0.6804162021553326
