occupation_group,period,n,ai_strict_prev,length_mean,length_median,scope_prev,tech_count_mean,tech_count_median,reqs_share_t13,reqs_share_simple,sen_entry_share,sen_associate_share,sen_mid-senior_share,sen_director_share,sen_unknown_share
SWE,2024,20396,0.007452441655226515,3808.701706216905,3653.0,0.43376152186703276,4.048440870758973,3.0,0.24072650140263613,0.04399652643635021,0.01892527946656207,0.0024514610707981957,0.6001666993528143,0.00426554226318886,0.3741910178466366
SWE,2026,42914,0.15030060120240482,4919.467493125787,4875.5,0.6407000046604837,4.97343524257818,4.0,0.22656484487979392,0.15869729943546826,0.03691103136505569,0.0027962902549284615,0.44265274735517546,0.0075266812695157755,0.5101132497553246
SWE_ADJACENT,2024,11816,0.005839539607312119,3920.8266756939743,3639.0,0.4437203791469194,1.8832092078537577,1.0,0.22769790918570848,0.040218938791683534,0.021073121191604604,0.003046716316858497,0.5091401489505755,0.006347325660121869,0.46039268788083954
SWE_ADJACENT,2026,12890,0.11427463149728471,5109.981923972071,5028.0,0.682699767261443,3.0592707525213343,2.0,0.22772062820990566,0.06257342369723426,0.04460822342901474,0.00682699767261443,0.4373933281613654,0.012567882079131109,0.4986035686578743
CONTROL,2024,113955,0.001719977183976131,3708.784177964986,3188.0,0.16359966653503577,0.03674257382300031,0.0,0.2250819150403907,0.1374196830263594,0.031214075731648458,0.0009565179237418279,0.2121188188319951,0.007336229213285946,0.7483743582993286
CONTROL,2026,46572,0.003414068539036331,4410.965709009705,3960.0,0.335136992184145,0.09619513870995448,0.0,0.27347280057068385,0.20289246689670487,0.04116207163102293,0.0012883277505797476,0.2743064502276046,0.012325002147212917,0.6709181482435799
