metric,did_lo95,did_hi95
ai_strict,0.1283252235801169,0.13556115514044773
ai_broad,0.30670014965345904,0.32106494489710213
mgmt_strict,0.031154621969131043,0.048485962870481354
org_scope,0.0748431055425698,0.09118799319417188
tech_count,0.9651583399640343,1.097360195889923
desc_len,941.475,1043.7875
