grp,period,n,ai_strict_mean,ai_broad_mean,mgmt_strict_mean,org_scope_mean,tech_count_mean,desc_len_median
swe,2024,22820,0.009465381244522349,0.10718667835232253,0.22217353198948292,0.5781770376862402,3.9482471516213846,2108.0
swe,2026,40881,0.1421198111592182,0.4777280399207456,0.3230840732858785,0.7877253491842177,5.0203517526479295,3818.0
adjacent,2024,11816,0.008801624915368992,0.10604265402843602,0.17137779282329046,0.602657413676371,1.8623053486797563,2401.5
adjacent,2026,11592,0.10679779158040027,0.4001035196687371,0.22688060731538992,0.7650103519668737,2.979813664596273,2811.0
control,2024,113955,0.0013601860383484709,0.008749067614409196,0.12818217717520072,0.6499495414856742,0.03763766399017156,2790.0
control,2026,41790,0.0024168461354391003,0.06539842067480259,0.18954295285953576,0.7766690595836324,0.08583393156257478,3506.5
