metric,swe_delta,control_delta,adj_delta,did_vs_control,did_vs_adjacent,pct_swe_only_vs_control,pct_swe_only_vs_adjacent
ai_strict,0.13265442991469586,0.0010566600970906294,0.09799616666503128,0.13159776981760524,0.03465826324966459,0.9920344906855344,0.26126728878901195
ai_broad,0.37054136156842304,0.05664935306039339,0.2940608656403011,0.3138920085080297,0.07648049592812195,0.8471173290328273,0.20640204808552606
mgmt_strict,0.1009105412963956,0.06136077568433504,0.055502814492099456,0.039549765612060556,0.04540772680429614,0.391928980896996,0.4499800141882506
org_scope,0.20954831149797748,0.12671951809795823,0.16235293829050268,0.08282879340001925,0.0471953732074748,0.3952730175104212,0.22522430684405834
tech_count,1.072104601026545,0.04819626757240322,1.117508315916517,1.0239083334541417,-0.04540371488997197,0.9550451816676702,-0.04235007931735179
desc_len,1710.0,716.5,409.5,993.5,1300.5,0.5809941520467836,0.7605263157894737
