metric,full_2024,full_2026,full_delta,low40_2024,low40_2026,low40_delta,retention
ai_strict,0.008269426221934769,0.1256422607578677,0.11737283453593292,0.00669823305231551,0.09512341962673089,0.08842518657441538,0.753370121153073
ai_broad,0.0677261387785272,0.37716763005780346,0.3094414912792762,0.052892943757939716,0.32048966486052577,0.26759672110258603,0.8647732403185565
mgmt_strict,0.14141180818626997,0.2100995504174695,0.06868774223119953,0.09285136851830465,0.16596427854706,0.07311291002875535,1.0644244177172242
breadth_resid,8.193267432584358e-15,0.9903167946914208,0.9903167946914125,-0.6777782952209479,0.4231699745710377,1.1009482697919857,1.1117132171176056
mgmt_senior,0.18895734227559854,0.3247890979883193,0.13583175571272074,0.13404940923737915,0.27666362807657247,0.1426142188391933,1.0499328238149055
