seniority_final,r_2024,r_2026,n_2024,n_2026,ratio_26_24
associate,0.1282051282051282,0.0784313725490196,39,51,0.611764705882353
director,0.25252525252525254,0.3482142857142857,99,112,1.3789285714285713
entry,0.09866666666666667,0.08985024958402663,375,601,0.9106444214597293
mid-senior,0.27004086765168184,0.3944150693985459,12724,6052,1.46057547818018
unknown,0.1051254608157926,0.12446808510638298,8409,5640,1.1839956195244055
