boundary,period,auc,n
associate_vs_entry,2024,0.5763333333333334,414
mid-senior_vs_associate,2024,0.7687072524963947,12763
director_vs_mid-senior,2024,0.7116998518556092,12823
associate_vs_entry,2026,0.6059710743801654,652
mid-senior_vs_associate,2026,0.8436542760731364,6103
director_vs_mid-senior,2026,0.7166356590949754,6164
