panel,period,auc,n
J3_vs_S4,2024,0.5672625795479149,11453
J3_vs_S4,2026,0.7008785214412073,6279
