period,n,is_remote_rate,is_aggregator_rate
2024-01,22043,4.536587578823209e-05,0.2790455019734156
2024-04,4639,0.0,0.11942228928648416
2026-03,4318,0.25196850393700787,0.1604909680407596
