variable,comparison,chi2,p_value,dof,cramers_v
seniority_final,kaggle_arshkon vs kaggle_asaniczka,4174.046738509432,0.0,3,0.39139145392262187
seniority_final,kaggle_arshkon vs scraped,252.08113664464142,2.3211308147465016e-54,3,0.08271660121535634
seniority_final,kaggle_asaniczka vs scraped,3554.260573554284,0.0,3,0.2518832008756997
seniority_llm,kaggle_arshkon vs kaggle_asaniczka,55.36438490446143,5.7408197101405315e-12,3,0.22263254610660582
seniority_llm,kaggle_arshkon vs scraped,49.6185668863822,9.632288500850617e-11,3,0.20744714138049802
seniority_llm,kaggle_asaniczka vs scraped,128.2523647743963,1.287280239625686e-27,3,0.31878876946337326
