comparison,metric,ks_stat,p_value,n1,n2,median1,median2
kaggle_arshkon vs kaggle_asaniczka,description_length,0.18413395315008843,6.051681916502057e-123,5019,23213,2954.0,3825.0
kaggle_arshkon vs scraped,description_length,0.33901499440452676,0.0,5019,35062,2954.0,5175.0
kaggle_asaniczka vs scraped,description_length,0.21189607657681248,0.0,23213,35062,3825.0,5175.0
kaggle_arshkon vs kaggle_asaniczka,core_length,0.05004391746292791,2.0164815759421386e-09,5019,23213,2504.0,2419.0
kaggle_arshkon vs scraped,core_length,0.33500943519753,0.0,5019,35062,2504.0,4184.5
kaggle_asaniczka vs scraped,core_length,0.37892478988847844,0.0,23213,35062,2419.0,4184.5
