source_group,n,exact_match_n,exact_match_share,cohen_kappa
arshkon_2024,3283,1455,0.44319220225403594,0.1748193940660604
scraped_2026,34839,14371,0.4124974884468555,0.1122744266568332
