{
  "n_sample": 46451,
  "role_period_breakdown": {
    "SWE|2024": 14753,
    "SWE|2026": 18708,
    "SWE-adjacent|2024": 5775,
    "SWE-adjacent|2026": 7215
  },
  "n_primary_topics": 88,
  "noise_pct_primary": 30.565542184237156,
  "topic_level_ari_mean": 0.48721799856518205,
  "topic_level_ari_min": 0.34403583321018705,
  "family_level_ari_mean_k30": 0.43753528945420533,
  "family_level_ari_min_k30": 0.33750937425560756,
  "emergence_threshold_cosine": 0.31420689821243286,
  "global_emergence_share_2026": 0.1019943679358099,
  "alignment_mean_cosine_2024": 0.9423350424602114,
  "alignment_mean_cosine_2026": 0.9455881736108235,
  "n_families_primary_k": 29,
  "primary_k": 30,
  "target_k_swept": [
    12,
    20,
    30
  ]
}