swe_classification_tier,n,share
regex,58064,0.911508453556459
title_lookup_llm,4583,0.07194549536114032
embedding_high,1054,0.01654605108240059
