period,ai_specific,ai_generic,n
2024-01,0.02920777150734502,0.12919484771464265,23213
2024-04,0.026698545526997408,0.14783821478382148,5019
2026-03,0.13932351110188837,0.5343017223490351,24095
