year,category,posting_rate,usage_rate,gap,ratio
2024,ai_any,0.11614480022669312,0.57,-0.45385519977330685,0.2037628074152511
2024,ai_tool,0.016824879569283083,0.35,-0.3331751204307169,0.048071084483665955
2024,ai_domain,0.10643950127514877,0.15,-0.043560498724851224,0.7095966751676585
2026,ai_any,0.4061838555716954,0.75,-0.3438161444283046,0.5415784740955939
2026,ai_tool,0.23291139240506328,0.55,-0.31708860759493673,0.42347525891829685
2026,ai_domain,0.2271425606972401,0.2,0.02714256069724008,1.1357128034862003
