period,copilot,cursor,chatgpt,claude,gpt,llm,prompt_engineering
2024-01,0.0003877137810709516,4.3079309007883516e-05,0.0033171067936070306,8.615861801576703e-05,0.0006461896351182527,0.0045233274458277685,0.0018954895963468746
2024-04,0.001394700139470014,0.0,0.00019924287706714485,0.00019924287706714485,0.0003984857541342897,0.009962143853357242,0.002789400278940028
2026-03,0.03876322888566092,0.02353185308155219,0.006391367503631459,0.038887736044822575,0.005021788752853289,0.09865117244241543,0.03809919070346545
