metric,arshkon,asaniczka,scraped,within_2024_diff,cross_period_diff,signal_to_noise
unique_titles_per_1000,460.88254103602645,417.9491422582602,457.3374246339363,42.93339877776623,-3.545116402090173,0.08257246113778605
top_title_share,0.0893199744191004,0.07567984996414584,0.0978413006029285,0.013640124454954564,0.008521326183828101,0.6247249584832683
ai_hybrid_share,0.1242805371988915,0.08704285950686745,0.22733634797588287,0.037237677692024046,0.10305581077699137,2.7675144414031205
seniority_marker_share,0.014282668940524408,0.018533840807545922,0.012946813092161929,-0.004251171867021513,-0.0013358558483624796,0.3142323787766352
