representation,pair,2024,2026,delta_2026_minus_2024
embeddings,junior_vs_mid,0.9937717318534851,0.993695855140686,-7.587671279907227e-05
embeddings,junior_vs_senior,0.9935073256492615,0.9921984672546387,-0.0013088583946228027
embeddings,mid_vs_senior,0.9912512898445129,0.9941163659095764,0.0028650760650634766
tfidf,junior_vs_mid,0.9824998378753662,0.9643661379814148,-0.018133699893951416
tfidf,junior_vs_senior,0.9853318333625793,0.9628663063049316,-0.022465527057647705
tfidf,mid_vs_senior,0.9772324562072754,0.9769682288169861,-0.00026422739028930664
