representation,pair,2024,2026,delta_2026_minus_2024
embeddings,junior_vs_mid,0.9955421686172485,0.9936858415603638,-0.0018563270568847656
embeddings,junior_vs_senior,0.9919767379760742,0.9911078214645386,-0.0008689165115356445
embeddings,mid_vs_senior,0.996048629283905,0.996349573135376,0.00030094385147094727
tfidf,junior_vs_mid,0.9925925731658936,0.9760140776634216,-0.016578495502471924
tfidf,junior_vs_senior,0.9776350855827332,0.963184118270874,-0.01445096731185913
tfidf,mid_vs_senior,0.9873127937316895,0.9885589480400085,0.0012461543083190918
