finding,representation,2024,2026,delta
junior_vs_mid similarity 2024->2026,embeddings,0.9937717318534851,0.993695855140686,-7.587671279907227e-05
junior_vs_senior similarity 2024->2026,embeddings,0.9935073256492615,0.9921984672546387,-0.0013088583946228027
mid_vs_senior similarity 2024->2026,embeddings,0.9912512898445129,0.9941163659095764,0.0028650760650634766
junior_vs_mid similarity 2024->2026,tfidf,0.9824998378753662,0.9643661379814148,-0.018133699893951416
junior_vs_senior similarity 2024->2026,tfidf,0.9853318333625793,0.9628663063049316,-0.022465527057647705
mid_vs_senior similarity 2024->2026,tfidf,0.9772324562072754,0.9769682288169861,-0.00026422739028930664
NN majority seniority (2026 entry -> 2024),embeddings,senior,,0.044404857928506014
NN majority seniority (2026 entry -> 2024),tfidf,senior,,0.046404857928506016
