,kaggle_arshkon:entry,kaggle_arshkon:associate,kaggle_arshkon:mid-senior,kaggle_asaniczka:associate,kaggle_asaniczka:mid-senior
kaggle_arshkon:entry,1.0,0.28205128205128205,0.3888888888888889,0.42857142857142855,0.3888888888888889
kaggle_arshkon:associate,0.28205128205128205,1.0,0.2345679012345679,0.28205128205128205,0.26582278481012656
kaggle_arshkon:mid-senior,0.3888888888888889,0.2345679012345679,1.0,0.4084507042253521,0.5151515151515151
kaggle_asaniczka:associate,0.42857142857142855,0.28205128205128205,0.4084507042253521,1.0,0.4492753623188406
kaggle_asaniczka:mid-senior,0.3888888888888889,0.26582278481012656,0.5151515151515151,0.4492753623188406,1.0
