source,seniority_native,n,n_with_yoe,n_yoe_le_2,n_yoe_le_3,n_yoe_ge_5,mean_yoe,p50,frac_yoe_le_2_of_with,frac_yoe_le_3_of_with,frac_yoe_ge_5_of_with
kaggle_arshkon,associate,263,149.0,44.0,85.0,48.0,3.8926174496644297,3.0,0.2953,0.5705,0.3221
kaggle_arshkon,entry,738,458.0,131.0,232.0,195.0,4.179039301310044,3.183673469387755,0.286,0.5066,0.4258
kaggle_arshkon,mid-senior,2231,1477.0,121.0,324.0,1015.0,5.606635071090047,5.0,0.0819,0.2194,0.6872
kaggle_asaniczka,associate,1820,1257.0,276.0,538.0,603.0,4.513126491646778,4.0,0.2196,0.428,0.4797
kaggle_asaniczka,mid-senior,16309,11577.0,1054.0,2590.0,7925.0,5.937375831389825,5.0,0.091,0.2237,0.6845
