source,seniority_native,n_in_frame,n_with_yoe,n_yoe_0,n_yoe_le_2,n_yoe_le_3,n_yoe_ge_5,n_yoe_ge_7,mean_yoe,p25,p50,p75,frac_yoe_le_2_of_with,frac_yoe_le_3_of_with,frac_yoe_ge_5_of_with,frac_yoe_ge_7_of_with
kaggle_arshkon,associate,263,198.0,4.0,58.0,109.0,68.0,20.0,3.904040404040404,2,3,5,0.2929,0.5505,0.3434,0.101
kaggle_arshkon,entry,738,543.0,18.0,151.0,267.0,244.0,94.0,4.209944751381215,2,4,5,0.2781,0.4917,0.4494,0.1731
kaggle_arshkon,mid-senior,2229,1724.0,1.0,103.0,286.0,1296.0,613.0,5.922273781902552,5,5,8,0.0597,0.1659,0.7517,0.3556
kaggle_asaniczka,associate,1819,1377.0,39.0,292.0,567.0,682.0,236.0,4.4371822803195355,3,4,5,0.2121,0.4118,0.4953,0.1714
kaggle_asaniczka,mid-senior,16305,13388.0,58.0,926.0,2369.0,9966.0,5193.0,6.218255153869136,4,5,8,0.0692,0.1769,0.7444,0.3879
