entry_share_delta_j3,ai_prevalence_delta_strict,desc_length_delta,tech_count_delta,org_scope_delta,breadth_resid_delta,credential_stack_depth_delta,cluster_name,n_companies
-0.028999967862614946,0.07690531133602259,1804.5024743585334,1.7966232574769985,1.1509988830913358,1.1308998105994386,0.8092471950140397,scope_inflator,81
-0.01744475579372745,0.059694874169695156,540.9759201771071,-0.11838404810477443,0.35097509096772694,-1.049628270265272,-0.26574230078305444,traditional_hold_1,112
0.4081433906115964,0.03344324041602948,387.22160162361763,0.980941016281776,0.03110667892377994,-0.47385764234196204,-0.2745211653614899,mixed_change,41
-0.03695388504864313,0.3383914525835029,1470.2694302522489,6.627490026465983,0.7044705924713789,6.664091160876439,1.030135994426915,ai_forward_scope_inflator,16
0.0031233129146636604,0.0804839456688759,440.5242181208746,3.7954543814848565,0.42593220776978136,3.020055537250347,0.12572391950533593,traditional_hold_2,106
