{
  "refined_broad_subterms": [
    "ai_bare",
    "artificial_intelligence",
    "ml_bare",
    "machine_learning",
    "llm",
    "large_language_model",
    "generative_ai",
    "genai",
    "copilot",
    "cursor",
    "claude",
    "chatgpt",
    "openai",
    "anthropic",
    "gemini",
    "gpt",
    "prompt_engineering",
    "rag",
    "retrieval_augmented",
    "langchain"
  ],
  "refined_strict_subterms": [
    "copilot",
    "cursor",
    "claude",
    "chatgpt",
    "openai_api",
    "gpt_num",
    "gemini",
    "codex",
    "llamaindex",
    "langchain",
    "prompt_engineering",
    "fine_tuning",
    "rag",
    "vector_database",
    "pinecone",
    "huggingface"
  ],
  "dropped": [
    "mcp",
    "agent_bare"
  ],
  "effects": {
    "broad_orig_llm": {
      "p24": 0.0709599926083341,
      "p26": 0.3815028901734104,
      "delta": 0.31054289756507625,
      "n24": 21646,
      "n26": 12456,
      "se": 0.004689236355398503,
      "snr": 66.22462039209485
    },
    "broad_refined_llm": {
      "p24": 0.06652499307031322,
      "p26": 0.3774084778420039,
      "delta": 0.31088348477169064,
      "n24": 21646,
      "n26": 12456,
      "se": 0.004661863426647979,
      "snr": 66.68652775081944
    },
    "broad_orig_all": {
      "p24": 0.07191060473269062,
      "p26": 0.4466622636432573,
      "delta": 0.37475165891056667,
      "n24": 22820,
      "n26": 40881,
      "se": 0.002995049989572603,
      "snr": 125.12367413408153
    },
    "broad_refined_all": {
      "p24": 0.06748466257668712,
      "p26": 0.44282184878060715,
      "delta": 0.37533718620392004,
      "n24": 22820,
      "n26": 40881,
      "se": 0.0029653040359129495,
      "snr": 126.5762908822138
    },
    "strict_orig_llm": {
      "p24": 0.009147186547168068,
      "p26": 0.13078034682080925,
      "delta": 0.12163316027364118,
      "n24": 21646,
      "n26": 12456,
      "se": 0.0030894963645086977,
      "snr": 39.36989914308694
    },
    "strict_refined_llm": {
      "p24": 0.008269426221934769,
      "p26": 0.1256422607578677,
      "delta": 0.11737283453593292,
      "n24": 21646,
      "n26": 12456,
      "se": 0.0030328894647732633,
      "snr": 38.70000403879131
    },
    "strict_orig_all": {
      "p24": 0.009027169149868536,
      "p26": 0.13803478388493431,
      "delta": 0.12900761473506578,
      "n24": 22820,
      "n26": 40881,
      "se": 0.0018172610940789052,
      "snr": 70.99013738609445
    },
    "strict_refined_all": {
      "p24": 0.00810692375109553,
      "p26": 0.1328245395171351,
      "delta": 0.12471761576603957,
      "n24": 22820,
      "n26": 40881,
      "se": 0.0017804140780991416,
      "snr": 70.04978072246782
    }
  }
}