{
  "raw_breadth_effect": {
    "p24": 8.398410791832209,
    "p26": 11.10854206807964,
    "delta": 2.7101312762474308,
    "pct": 0.32269572701577565,
    "se": 0.06702714014582258,
    "snr": 40.433341932108945,
    "n24": 21646,
    "n26": 12456
  },
  "resid_breadth_effect": {
    "p24": -0.7030001899424703,
    "p26": 1.2216716531386405,
    "delta": 1.9246718430811107,
    "pct": -2.737797045600536,
    "se": 0.06076192604816505,
    "snr": 31.675622684433222,
    "n24": 21646,
    "n26": 12456
  },
  "length_vs_breadth_r2": 0.17947373846691483,
  "length_vs_breadth_slope": 0.0030829767711740073,
  "length_vs_breadth_intercept": 4.603433328885277,
  "component_effects": {
    "tech_count": {
      "p24": 5.141966183128522,
      "p26": 6.661287732819525,
      "delta": 1.5193215496910026,
      "pct": 0.2954748233615576
    },
    "soft_skill_count": {
      "p24": 0.8077704887739074,
      "p26": 1.018063583815029,
      "delta": 0.21029309504112148,
      "pct": 0.26033768002631485
    },
    "org_scope_count": {
      "p24": 0.6208999353229234,
      "p26": 1.0965799614643545,
      "delta": 0.4756800261414311,
      "pct": 0.7661138278167722
    },
    "education_level": {
      "p24": 0.9510302134343528,
      "p26": 0.8902536929993577,
      "delta": -0.06077652043499504,
      "pct": -0.06390598277158761
    },
    "yoe_numeric": {
      "p24": 4.858033816871478,
      "p26": 4.366891457931921,
      "delta": -0.49114235893955716,
      "pct": -0.10109899960635671
    },
    "management_STRICT_count": {
      "p24": 0.4372632357017463,
      "p26": 0.515655105973025,
      "delta": 0.0783918702712787,
      "pct": 0.17927843886868447
    },
    "ai_count": {
      "p24": 0.06245957682712741,
      "p26": 0.5578837508028259,
      "delta": 0.4954241739756985,
      "pct": 7.9319169155902145
    },
    "desc_cleaned_length": {
      "p24": 1458.9722812528873,
      "p26": 1713.7453436095054,
      "delta": 254.77306235661808,
      "pct": 0.17462501901532537
    }
  },
  "flagged_components": [
    {
      "component": "soft_skill_count",
      "length_col": "desc_len_chars",
      "r": 0.36254969174984747,
      "p": 0.0,
      "n": 34102
    },
    {
      "component": "soft_skill_count",
      "length_col": "desc_cleaned_length",
      "r": 0.36254969174984747,
      "p": 0.0,
      "n": 34102
    },
    {
      "component": "org_scope_count",
      "length_col": "desc_len_chars",
      "r": 0.3985902937504457,
      "p": 0.0,
      "n": 34102
    },
    {
      "component": "org_scope_count",
      "length_col": "desc_cleaned_length",
      "r": 0.3985902937504457,
      "p": 0.0,
      "n": 34102
    },
    {
      "component": "management_STRICT_count",
      "length_col": "desc_len_chars",
      "r": 0.3506676454385997,
      "p": 0.0,
      "n": 34102
    },
    {
      "component": "management_STRICT_count",
      "length_col": "desc_cleaned_length",
      "r": 0.3506676454385997,
      "p": 0.0,
      "n": 34102
    }
  ]
}