{
  "n_full_corpus": 34102,
  "n_projected_rows": 34102,
  "full_corpus_nmi": {
    "period": 0.03191493884342789,
    "seniority": 0.016434597115796163,
    "domain_proxy": 0.27465516236448695
  },
  "ordering": {
    "domain_gt_period": true,
    "period_gt_seniority": true,
    "domain_gt_seniority": true,
    "ratio_domain_to_period": 8.605849558788847,
    "ratio_period_to_seniority": 1.9419361861175621
  },
  "sample_8k_nmi": {
    "period": 0.03163622664843318,
    "seniority": 0.03315572197359246,
    "domain_proxy": 0.3004240471694485
  }
}