{
  "cosines": {
    "entry26_entry24": 0.9601621317285387,
    "entry26_midsr24": 0.9294242568685777,
    "entry26_midsr26": 0.9531691103355363,
    "entry24_midsr24": 0.9646035198251587,
    "midsr26_midsr24": 0.9579200731803842
  },
  "period_effect_dominant": true,
  "seniors_changed_more": true,
  "n_rows": {
    "entry_24": 414,
    "entry_26": 652,
    "midsr_24": 12724,
    "midsr_26": 6052
  }
}