{
  "mean_within_period_cross_seniority": 0.9787312746047974,
  "mean_cross_period_same_seniority": 0.9747422933578491,
  "distance_within_period": 0.021268725395202637,
  "distance_cross_period": 0.02525770664215088,
  "ratio": 1.1875514951097161,
  "within_period_values": [
    0.9821895360946655,
    0.9752730131149292
  ],
  "cross_period_values": [
    0.9749518632888794,
    0.9745327234268188
  ]
}