metric,arshkon_mean,asaniczka_mean,scraped_mean,within_2024_cohen_d,cross_period_cohen_d,calibration_ratio
tech_count,6.607271906052394,5.776803176672791,8.777034225595951,0.16510533040979405,-0.3550085662711324,-2.1501944570171996
