term,display_term,category,doc_share_2024,doc_share_2026,company_count
ai assisted,AI assisted,ai_domain,0.00021939447125932427,0.03465166908563135,167
claude,claude,ai_tool,0.00021939447125932427,0.0330188679245283,158
multi agent,multi agent,noise,0.0008775778850372971,0.01650943396226415,78
langgraph,langgraph,ai_tool,0.0,0.01614658925979681,75
embeddings,embeddings,noise,0.0008775778850372971,0.01288098693759071,67
ai enabled,AI enabled,ai_domain,0.00043878894251864854,0.012518142235123366,63
llm based,LLM based,ai_tool,0.00021939447125932427,0.012155297532656022,61
multimodal,multimodal,noise,0.00043878894251864854,0.01179245283018868,51
ai generated,AI generated,ai_domain,0.0008775778850372971,0.010159651669085631,35
