scrape_week,n,entry_native,ai_rate,median_len,mean_tech
,5019,0.1532177724646344,0.024506873879258817,1784.0,2.565650527993624
