period,n,ai_rate,agentic_rate,entry_best,yoe_le2,entry_native,median_len,mean_tech
2026-03,24054,0.24790055707990355,0.07749230897148084,0.06340872374798061,0.17055720608743102,0.14022456069684305,3735.5,2.751558992267398
2026-04,11008,0.24691133720930233,0.08621002906976744,0.032548179871520345,0.15668740279937793,0.12879774305555555,3743.0,2.685138081395349
