snapshot,n,entry_native,entry_final,entry_best,yoe_le2,ai_rate,agentic_rate,median_len,median_tech,mean_tech,scope_rate
asaniczka_2024_01,23213,0.0,0.005557230862016973,0.008131114216745013,0.094956729334527,0.017360961530177056,4.3079309007883516e-05,2102.0,2.0,2.4886916813854305,0.3151251453926679
arshkon_2024_04,5019,0.2232868757259001,0.16895795975293884,0.03529411764705882,0.15,0.024506873879258817,0.0007969715082685794,1784.0,2.0,2.565650527993624,0.3277545327754533
scraped_2026_03,24054,0.14022456069684305,0.13744075829383887,0.06340872374798061,0.17055720608743102,0.24790055707990355,0.07749230897148084,3735.5,3.0,2.751558992267398,0.5181258834289515
scraped_2026_04,11008,0.12879774305555555,0.12263808139534883,0.032548179871520345,0.15668740279937793,0.24691133720930233,0.08621002906976744,3743.0,2.0,2.685138081395349,0.5285247093023255
