term,count_a,count_b,rate_a,rate_b,log_odds_ratio,z_score,category,corpus_a,corpus_b,n_a,n_b,growth_ratio
us,590,23364,0.6961413709737366,2.481627575509127,1.2730957400897314,30.540436435459657,uncategorized,arshkon_2024,scraped_2026,5017,24095,3.5648327753282625
ai,1518,56923,1.7910891544714103,6.046125940793787,1.221066159664134,46.952805433909795,uncategorized,arshkon_2024,scraped_2026,5017,24095,3.3756700082180617
