{
  "n_sample": 37003,
  "n_topics": 95,
  "n_noise": 13361,
  "noise_pct": 36.1078831446099,
  "stability_ari": [
    0.6349130216386916,
    0.6733044499183413,
    0.6195237999982217
  ],
  "stability_ari_mean": 0.6425804238517515,
  "ari_vs_v9": 0.07614361958030301,
  "nmi_vs_v9": 0.3195689372916242,
  "n_overlap_v9": 6277,
  "ari_bertopic_vs_nmf": 0.11799250424063774
}