{
  "n_llm_corpus": 34102,
  "n_2024": 21646,
  "n_2026": 12456,
  "ai_strict_agg_2024": 0.008269426221934769,
  "ai_strict_agg_2026": 0.1256422607578677,
  "ai_broad_agg_2024": 0.0677261387785272,
  "ai_broad_agg_2026": 0.37716763005780346,
  "breadth_agg_2024": 8.398410791832209,
  "breadth_agg_2026": 11.10854206807964,
  "breadth_resid_agg_2024": 2.710080766162518e-15,
  "breadth_resid_agg_2026": 2.0338485311455767,
  "J2_agg_2024": 0.01912593550771505,
  "J2_agg_2026": 0.052344251766217084,
  "J2_within_pp": 2.8003683819457303,
  "J2_between_pp": 0.24042822646060924,
  "J2_interaction_pp": 0.28103501744386344,
  "aiml_summary": {
    "employers_both": 83,
    "employers_only_2024": 261,
    "employers_only_2026": 935,
    "volume_2024_from_both": 227,
    "volume_2026_from_both": 380,
    "volume_2024_only24": 328,
    "volume_2026_only26": 1634
  },
  "breadth_regress_beta0": -15.003745155245635,
  "breadth_regress_beta1": 3.2873234280906165,
  "breadth_regress_R2": 0.16213222401248217
}