section,mean_chars_2024,mean_chars_2026,delta_chars,share_of_growth
role_summary,582.6051199261992,722.0923804182357,139.4872604920365,0.369571649980117
responsibilities,528.1186808118081,723.8061854018108,195.68750459000273,0.5184742584857625
requirements,556.4090867158671,554.4815319285314,-1.9275547873357937,-0.005107058527566629
preferred,54.93948339483395,165.91803541382902,110.97855201899506,0.29403779554768594
benefits,1.2764760147601475,2.4589375851293966,1.1824615703692491,0.0031329332303030835
about_company,2.4809040590405904,5.102956493870684,2.6220524348300933,0.006947130807905315
legal,0.09358856088560885,0.14181555965066903,0.048226998765060175,0.0001277774862329446
unclassified,508.3931273062731,437.744171140133,-70.64895616614007,-0.1871844870104391
TOTAL,2234.316466789668,2611.7460139411905,377.42954715152246,1.0
