section,mean_chars_2024,mean_chars_2026,delta_chars,share_of_growth
role_summary,584.6898482075574,761.0122788359276,176.32243062837028,0.3741239707336432
responsibilities,535.1215954354612,735.962970124722,200.84137468926076,0.4261486886187451
requirements,549.4729787921198,567.2831866963163,17.810207904196545,0.03779000593948037
preferred,58.853967057810316,176.6986367591608,117.84466970135048,0.25004485022888545
benefits,0.7893207019054796,1.8900705791356474,1.1007498772301676,0.0023355900516247715
about_company,2.338141888254925,5.9654839021560475,3.6273420139011225,0.007696556771667509
legal,0.002476046937237593,0.07183602436430436,0.06935997742706677,0.00014716919493755465
unclassified,516.2011519000969,469.8791453156724,-46.32200658442446,-0.09828683153898411
