period_label,n,mean_raw,median_raw,mean_llm,median_llm
2024,22820,3763.080806310254,3593.5,2234.316466789668,2065.0
2026,40881,4912.017049485091,4862.0,2611.7460139411905,2463.0
