period_label,sec_role_summary_chars,sec_responsibilities_chars,sec_requirements_chars,sec_preferred_chars,sec_benefits_chars,sec_about_company_chars,sec_legal_chars,sec_unclassified_chars,sec_role_summary_prop,sec_responsibilities_prop,sec_requirements_prop,sec_preferred_prop,sec_benefits_prop,sec_about_company_prop,sec_legal_prop,sec_unclassified_prop,total_chars
2024,584.6898482075574,535.1215954354612,549.4729787921198,58.853967057810316,0.7893207019054796,2.338141888254925,0.002476046937237593,516.2011519000969,0.23461674398832918,0.23172012031374625,0.24195047248507354,0.02484089279888565,0.0002810535144574877,0.0009531082531449151,8.339666343003007e-07,0.26423726988911617,2247.469480030143
2026,761.0122788359276,735.962970124722,567.2831866963163,176.6986367591608,1.8900705791356474,5.9654839021560475,0.07183602436430436,469.8791453156724,0.2707722565466345,0.2655059659314889,0.2110301687388711,0.06103664150312233,0.0007297689339506825,0.0017929650532356209,1.882325692385861e-05,0.1868896838441458,2718.763608237455
