period_label,sec_role_summary_chars,sec_responsibilities_chars,sec_requirements_chars,sec_preferred_chars,sec_benefits_chars,sec_about_company_chars,sec_legal_chars,sec_unclassified_chars,sec_role_summary_prop,sec_responsibilities_prop,sec_requirements_prop,sec_preferred_prop,sec_benefits_prop,sec_about_company_prop,sec_legal_prop,sec_unclassified_prop,total_chars
2024,582.6051199261992,528.1186808118081,556.4090867158671,54.93948339483395,1.2764760147601475,2.4809040590405904,0.09358856088560885,508.3931273062731,0.23691909036724332,0.2316406232777867,0.2463328700371663,0.023372296042002482,0.00047330088175151665,0.0010436096450030016,2.44828117773049e-05,0.25862546125461255,2234.316466789668
2026,722.0923804182357,723.8061854018108,554.4815319285314,165.91803541382902,2.4589375851293966,5.102956493870684,0.14181555965066903,437.744171140133,0.26450497445848103,0.27141759955844025,0.21520748838566864,0.058313104112059914,0.0010089691114027282,0.0015352663535787537,4.689014439725064e-05,0.18596266324813718,2611.7460139411905
