period_label,seniority_3level,sec_role_summary_prop,sec_responsibilities_prop,sec_requirements_prop,sec_preferred_prop,sec_benefits_prop,sec_about_company_prop,sec_legal_prop,sec_unclassified_prop,total_chars
2024,junior,0.12875888427968804,0.0,0.14781268738930958,0.0,0.0,0.0,0.0,0.0,1796.0
2024,mid,0.17620650953984288,0.0,0.012757605495583905,0.0,0.0,0.0,0.0,0.0,1887.0
2024,senior,0.16194403104481295,0.0,0.22254882358272232,0.0,0.0,0.0,0.0,0.0,2231.5
2024,unknown,0.0929054054054054,0.0,0.17091207888249796,0.0,0.0,0.0,0.0,0.0,1840.0
2026,junior,0.22824156305506216,0.2020015801948907,0.2614314115308151,0.0,0.0,0.0,0.0,0.0,2141.0
2026,mid,0.2779064381658175,0.0,0.15856536101934876,0.0,0.0,0.0,0.0,0.0,2571.0
2026,senior,0.19054935925261085,0.23574166759990697,0.15630416668866332,0.0,0.0,0.0,0.0,0.0,2683.5
2026,unknown,0.18984615384615386,0.0,0.16221616712079928,0.0,0.0,0.0,0.0,0.0,2265.0
