period_label,seniority_3level,sec_role_summary_prop,sec_responsibilities_prop,sec_requirements_prop,sec_preferred_prop,sec_benefits_prop,sec_about_company_prop,sec_legal_prop,sec_unclassified_prop,total_chars
2024,junior,0.2465062331110349,0.19943955043154718,0.23190353495616156,0.02438664939986129,0.0004713196752908421,0.002079946468657384,0.0,0.2925531914893617,1900.8856382978724
2024,mid,0.27354277187906256,0.23803155475737825,0.19690908186837847,0.009465309443898692,0.0,0.0,0.0,0.28205128205128205,2323.3333333333335
2024,senior,0.24932559523136089,0.23504787161900656,0.24663041373751413,0.022839307271612302,0.0005959349680354191,0.0008218326588807135,3.334535444954876e-05,0.24307069448769852,2396.539629398941
2024,unknown,0.21739857763415313,0.22785195914856862,0.24675221529803473,0.02420434489388024,0.00028853558829314817,0.0013404320817938502,1.2171906754775666e-05,0.2807267545422159,2001.3636147725924
2026,junior,0.27383141097684055,0.24858293553155733,0.25804079978096156,0.056853444036780096,0.0007900937616690149,0.0017687857531579502,0.000330223733992315,0.14991762767710048,2270.001647446458
2026,mid,0.3338748532013651,0.24833646638922083,0.20258290633069254,0.05834302898068232,0.0,0.0,0.0,0.1568627450980392,2738.607843137255
2026,senior,0.2615238697062883,0.28488966281393424,0.20846150044362263,0.059461561989895106,0.0006708135039290399,0.0017453624780108478,5.9668325738626914e-05,0.18156786524133464,2831.293488824101
2026,unknown,0.26613470183633664,0.25935551074918695,0.2180918507899973,0.0572144864026672,0.0014111796765492062,0.0012944128992052708,2.9027867903111157e-06,0.19490175252257036,2407.370508054523
