period_label,seniority_3level,imperative_per_1k,inclusive_per_1k,marketing_per_1k,passive_per_1k
2024,junior,0.8279568329648949,0.8577297490468077,0.21343844070995305,0.411191287149623
2024,mid,0.934470843709008,0.7871888463544194,0.14083620720604828,0.5923246269470795
2024,senior,0.7430820943186658,0.886600958241395,0.1980219346220826,0.34945164483916363
2024,unknown,0.7968086232613535,0.6984835721049155,0.16454001990591605,0.37129705339924474
2026,junior,0.9104109710981211,0.9737777341282507,0.30301604350619493,0.35019124013403863
2026,mid,0.6006837984865121,0.7350831514984881,0.17349376350219947,0.3501738462996264
2026,senior,0.7004022501572238,0.8648807156849769,0.20326790192940786,0.22370501812279725
2026,unknown,0.6808877414989025,0.7286794762622322,0.17463190126619677,0.270547117560503
