period_label,seniority_3level,imperative_per_1k,inclusive_per_1k,marketing_per_1k,passive_per_1k
2024,junior,0.8085184299832752,0.89518364637409,0.20916361189740212,0.41412608956403485
2024,mid,0.642004477199131,0.8079043423111147,0.1445424231851548,0.6079121171298975
2024,senior,0.717902553554732,0.9069625106657755,0.18225777065338283,0.3430811963724277
2024,unknown,0.7862498238592042,0.7003573495262289,0.16016377929175943,0.37331587527302784
2026,junior,0.9078002254126346,1.0052653076096107,0.3062186592721962,0.3473347747076118
2026,mid,0.6402267241646231,0.7918538698486272,0.18825919018323772,0.37997587577193503
2026,senior,0.7168896298298502,0.9160171106855834,0.20733675437503363,0.22715217780850033
2026,unknown,0.7171226908083883,0.8005064544875001,0.18388588936890624,0.28772714541800753
