spec,pair,cramers_v,chi2,pvalue,n_rows,n_categories
linkedin_all,kaggle_arshkon__vs__scraped,0.31131586420388435,4055.3217687435904,1.01825541154842e-223,41843,1548
linkedin_no_aggregators,kaggle_arshkon__vs__scraped,0.3105814334368381,3406.610559116273,2.1986580430673527e-152,35316,1485
