subset,period,n,score_std,char_len_std,req_breadth_std,tech_count_std
full,2024,21680,0.33146182678250635,1245.8759574372698,2.6697939883802984,4.262420811986349
full,2026,12481,0.3386881788771434,1265.7606169779194,2.5705118713750905,4.759067966795701
low_llm,2024,5420,0.15195686096718472,594.4522235708564,2.4684071735334823,3.524448032815123
low_llm,2026,485,0.18763788976591422,523.1987464904855,2.317006335929952,3.779985903549122
