period2,n,score_mean,score_median,score_std
2024,5296,-0.046574912865648736,-0.055120027894041745,0.3536653047460411
2026,9704,0.025418460277872684,0.016313717990297467,0.27226832030648673
