metric,full,low_llm,attenuation_pct
any_ai_broad,0.19454225404164147,0.10760451934416251,44.68835581542613
any_ai_narrow,0.3672926390549059,0.18898695172518737,48.54594630279643
char_len,377.42954715152246,-276.79564233271185,173.33703585787092
credential_stack_depth,-0.5139722562797295,-0.6788773918667023,-32.084442997098876
requirement_breadth,0.9175333370191323,-0.5538079659147108,160.35834814611894
scope_density,0.07816572750477521,0.00281278798189713,96.4015073208072
tech_count,1.35915065068646,0.16177388062540388,88.09742830614859
