period_group,seniority_3level,n,mean_tech_count,median_tech_count,mean_tech_density_per_1k,median_char_len
2024,junior,379,4.641160949868074,4.0,6.385654579079366,785.0
2024,mid,39,4.435897435897436,4.0,5.43170311171178,877.0
2024,senior,13595,5.61787421846267,5.0,7.2784495821767585,935.0
2024,unknown,8807,4.579311910979903,4.0,7.600439036903306,793.0
2026,junior,1275,6.534901960784314,5.0,5.72165872764083,1254.0
2026,mid,52,7.634615384615385,7.0,8.786052046854465,1050.0
2026,senior,17713,7.756506520634562,7.0,5.422774258770854,1695.0
2026,unknown,21841,6.901057643880774,6.0,6.1974048562372195,1438.0
