pair_left,pair_right,similarity
entry_2024,entry_2026,0.31626009941101074
entry_2026,mid_2024,0.31282931566238403
entry_2024,mid_2024,0.34578266739845276
mid_2024,mid_2026,0.34114325046539307
