n_total,n_arshkon,n_asaniczka,n_scraped,n_aggregator,n_llm_text,share_yoe_le2,share_entry
30317,2267.0,11181.0,16869.0,4398.0,14949.0,0.06138470165253818,0.04535409176369694
