metric,arshkon,asaniczka,scraped,n
ai_tool_share_no_agg,0.021356489087068765,0.012840774397471355,0.1761069071003059,50502
