metric,aggregate,within,between,share_arsh,share_sc,mean_arsh,mean_sc
entry_share_J1,-0.0025011469118100746,-0.0064806064736871,0.003979459561877024,0.03186097031136857,0.029359823399558498,,
entry_share_J2,-0.00446608258084729,-0.008639834839978327,0.00417375225913103,0.03548153511947864,0.031015452538631347,,
entry_share_J3,0.07241584093978295,0.003915174407399377,0.06850066653238358,0.1388888888888889,0.21130472982867185,,
entry_share_J4,0.11927498739037762,0.03085619730934351,0.08841879008103415,0.28444444444444444,0.40371943183482206,,
ai_mention_share,0.3654340761485503,0.33335615815610414,0.03207791799244613,0.07385952208544533,0.4392935982339956,,
mean_desc_len,1766.4419096760998,963.2662576243125,803.1756520517866,,,3488.7161477190443,5255.158057395144
