source,n_total,n_specialist,specialist_share
kaggle_arshkon,4646,233,0.05015066724063711
kaggle_asaniczka,18129,991,0.05466379833416074
scraped,40881,3942,0.09642621266603067
