period_year,n,desc_length,breadth,tech_count,credential,ai_rate
2024,601,2581.0965058236275,11.618968386023294,6.381031613976705,4.2961730449251245,0.15141430948419302
2026,3262,3158.291845493562,15.371244635193133,8.932556713672593,4.995401594114041,0.4570815450643777
