period_year,n,j3_rate,s4_rate,yoe_median,yoe_mean
2024,412,0.10922330097087378,0.6650485436893204,5.0,5.633495145631068
2026,2553,0.10379945162553858,0.6329808068938504,5.0,5.373678025851939
