period,cosine_swe_adj,n_swe,n_adj
2024-01,0.7999050238719756,200,200
2024-04,0.767255250663421,200,200
2026-03,0.751198925892497,200,200
2026-04,0.7571482994668066,200,200
