period2,sen_combined,n,ai_tool_rate,ai_domain_rate,ai_general_rate,agentic_rate,ai_agent_phrase_rate,rag_phrase_rate,any_ai_rate,scope
2024,associate,83,0.012048192771084338,0.7831325301204819,0.7590361445783133,0.0,0.0,0.0,0.7831325301204819,combined_direct
2024,entry,227,0.02643171806167401,0.1277533039647577,0.09251101321585903,0.0,0.0,0.004405286343612335,0.1762114537444934,combined_direct
2024,mid-senior,5596,0.014474624731951394,0.08899213724088635,0.06790564689063616,0.00017869907076483203,0.0016082916368834882,0.001965689778413152,0.11972837741243746,combined_direct
2024,other,15395,0.01039298473530367,0.07768756089639493,0.05781097759012666,0.00025982461838259174,0.0012341669373173109,0.0007145177005521273,0.10496914582656706,combined_direct
2026,associate,27,0.1111111111111111,0.1111111111111111,0.18518518518518517,0.0,0.037037037037037035,0.0,0.25925925925925924,combined_direct
2026,entry,327,0.14067278287461774,0.3119266055045872,0.3119266055045872,0.03363914373088685,0.05504587155963303,0.04281345565749235,0.45871559633027525,combined_direct
2026,mid-senior,3223,0.16692522494570275,0.19515978901644432,0.38659633881476885,0.07508532423208192,0.08594477195159789,0.051194539249146756,0.44585789636984174,combined_direct
2026,other,26459,0.1829245247363846,0.24781737782984994,0.48573264295702784,0.08405457500283457,0.09607316980989455,0.057069428171888585,0.5402320571450168,combined_direct
