mentor_density,tech_orch_density,people_mgmt_density,ai_density
-0.07117315227559383,-0.012900261813948927,0.08362293331086641,-0.10274307797473209
