mentor_density,tech_orch_density,people_mgmt_density,ai_density
-0.05355659506122217,-0.05573657565598015,-0.039913985601837294,-0.14713911634012972
