seniority,period,n,people_mgmt_density,mentor_density,tech_orch_density,ai_density
senior,2024,24579,0.027066220171850557,0.06459465149550842,0.3399947191167223,0.038753904356085014
senior,2026,27156,0.011401949832633991,0.08572208599376592,0.4995312604162702,0.3514622523903303
entry,2024,977,0.005137827698549452,0.022362835898237662,0.3986499838845064,0.03765191142300773
entry,2026,4656,0.00877453032472817,0.029079538594610942,0.40509697573877174,0.3378110265012005
