period,seniority,n,people_mgmt_density,mentor_density,tech_orch_density,strat_density,ai_density
2024,mid-senior,24466,0.02682816614012794,0.06471921058731137,0.34018202450026724,0.25803585142653523,0.038914516994024366
2024,director,113,0.07860807804906758,0.03762595468089836,0.29944061722458987,0.4485960663627987,0.003979136216048467
2026,mid-senior,26805,0.011402476442764792,0.08598016986473696,0.4998915002795971,0.2837181703404677,0.35142642538628927
2026,director,351,0.011361733922217825,0.06601286046277334,0.4720206349562173,0.4245146568912133,0.35419827188697056
