cell,cell_n,junior_cue_rate,senior_cue_rate,rows,yoe_known_share,yoe_median,yoe_mean,yoe_p25,yoe_p75,yoe_p90,yoe_le2_share_of_known,yoe_ge5_share_of_known,final_entry_share,final_associate_share,final_mid_senior_share,final_director_share,final_unknown_share
arshkon_entry,738,0.12601626016260162,0.023035230352303523,738,0.6205962059620597,3.0,4.179039301310044,2.0,5.0,8.0,0.28602620087336245,0.425764192139738,0.07181571815718157,0.0027100271002710027,0.08807588075880758,0.0,0.8373983739837398
arshkon_associate,263,0.07984790874524715,0.19771863117870722,263,0.5665399239543726,3.0,3.8926174496644297,2.0,5.0,7.0,0.2953020134228188,0.3221476510067114,0.07984790874524715,0.015209125475285171,0.21673003802281368,0.0,0.688212927756654
arshkon_mid_senior,2231,0.021963245181532944,0.575974899148364,2231,0.662034961900493,5.0,5.606635071090047,4.0,7.0,10.0,0.08192281651997292,0.6872037914691943,0.00941281936351412,0.001344688480502017,0.6243836844464365,0.0022411474675033617,0.36261766024204395
asaniczka_associate,1820,0.06923076923076923,0.30604395604395607,1820,0.6906593406593406,4.0,4.513126491646778,3.0,5.0,8.0,0.21957040572792363,0.4797136038186158,0.038461538461538464,0.008241758241758242,0.33516483516483514,0.0016483516483516484,0.6164835164835165
