,arshkon_entry,arshkon_associate,arshkon_mid_senior,asaniczka_associate
arshkon_entry,1.0,0.17647058823529413,0.2345679012345679,0.3157894736842105
arshkon_associate,0.17647058823529413,1.0,0.14942528735632185,0.2345679012345679
arshkon_mid_senior,0.2345679012345679,0.14942528735632185,1.0,0.26582278481012656
asaniczka_associate,0.3157894736842105,0.2345679012345679,0.26582278481012656,1.0
