,arshkon_entry,arshkon_associate,arshkon_mid_senior,asaniczka_associate
arshkon_entry,1.0,0.162534435261708,0.168,0.3008720930232558
arshkon_associate,0.162534435261708,1.0,0.07512953367875648,0.12121212121212122
arshkon_mid_senior,0.168,0.07512953367875648,1.0,0.2257761053621825
asaniczka_associate,0.3008720930232558,0.12121212121212122,0.2257761053621825,1.0
