label,base_rate_2024,emb_nn_rate
junior,0.08495695514272769,0.0476
mid,0.008835523334843678,0.0113
senior,0.45310376076121434,0.595
unknown,0.45310376076121434,0.3461
