{
  "n_sample": 9066,
  "n_embedding_dim": 384,
  "n_tfidf_dim": 100,
  "tfidf_explained_var": 0.14710511226617498,
  "group_counts": {
    "2024_unknown": 2000,
    "2024_senior": 2000,
    "2026_senior": 2000,
    "2026_unknown": 2000,
    "2026_junior": 601,
    "2024_junior": 375,
    "2026_mid": 51,
    "2024_mid": 39
  },
  "centroid_sim_2024_junior_senior_embedding": 0.9800575971603394,
  "centroid_sim_2024_junior_senior_tfidf": 0.9525067576655467,
  "centroid_sim_2026_junior_senior_embedding": 0.9715384244918823,
  "centroid_sim_2026_junior_senior_tfidf": 0.8841425073046711,
  "within2024_arshkon_asaniczka_junior_embedding": 0.9777787923812866,
  "within2024_arshkon_asaniczka_senior_embedding": 0.9863203763961792,
  "arshkon_vs_scraped_junior_embedding": 0.9723665714263916,
  "arshkon_vs_scraped_senior_embedding": 0.9756985902786255
}