is_hub,entry_share_yoe,entry_share_best,ai_rate,scope_rate,median_desc_len,median_tech
False,0.04972981663240452,0.02804892631799188,0.1855826157208333,0.19901989287975164,1114.659090909091,2.659090909090909
True,0.0689717841529345,0.01777429580670891,0.2449204626857525,0.2364334967214633,1393.25,2.75
