x,y,pearson_r,pearson_p,spearman_r,spearman_p,n
ai_rate,entry_share_yoe,-0.09308349878972694,0.6510704003965403,-0.06461538461538462,0.753825618259991,26
ai_rate,entry_share_best,-0.20402144132199654,0.31744986929426133,-0.24444444444444444,0.22878721004611619,26
ai_rate,scope_rate,0.426470718883842,0.029810245928393993,0.44341880341880335,0.023273714491766132,26
ai_rate,median_desc_len,-0.07423460508056914,0.718544008779181,-0.06598290598290597,0.7487785064324752,26
entry_share_yoe,scope_rate,0.13377787395860816,0.5147067602340205,0.06324786324786325,0.7588825923276495,26
