period,is_remote
2024,3.5420799093227545e-05
2026,0.22271975357937368
