,remote,ai,scope
remote,,,
ai,,1.0,0.5518288998313746
scope,,0.5518288998313746,1.0
