definition,metros,mean_delta,median_delta,positive_metros,negative_metros,agreement_verdict
J1,26,0.011249721468681008,0.014708599206399064,20,6,mostly up
J2,26,0.010551857417514379,0.013254128979164847,20,6,mostly up
J3,26,0.049474600125309465,0.03891798939469339,20,6,mostly up
J4,26,0.06468233021220128,0.05299540635227966,20,6,mostly up
