seniority_final,kaggle_arshkon,kaggle_asaniczka,scraped
entry,0.08093612871769869,0.022481265611990008,0.0745253164556962
associate,0.006825938566552901,0.00395503746877602,0.005854430379746835
mid-senior,0.9044368600682594,0.9677352206494588,0.9032172995780591
director,0.0078010726474890294,0.005828476269775187,0.01640295358649789
