period,level,n,mgmt_density,orch_density,strat_density,pct_ai,pct_has_mgmt,pct_has_orch,pct_has_strat
2024,director,113,1.7959210664858718,0.7554455602160666,0.6150846702972413,1.7699115044247788,84.95575221238938,55.75221238938053,70.79646017699115
2024,mid-senior,24528,1.1822235908093455,0.9681981021064063,0.37643844570867846,2.935420743639922,75.02038486627528,61.65198956294846,42.404598825831705
2026,director,222,1.379939829440685,1.101120983850646,0.5555741093383985,21.17117117117117,96.3963963963964,85.58558558558559,78.37837837837837
2026,mid-senior,18370,1.2895752595320684,1.124189433388245,0.3732305866167159,24.48557430593359,91.20304844855744,82.732716385411,63.206314643440386
