period,seniority,n,mgmt_density_mean,mgmt_density_median,orch_density_mean,strat_density_mean,pct_has_mgmt,pct_has_orch,pct_has_strat,mgmt_count_mean,orch_count_mean,strat_count_mean,mean_text_length
2024,entry,960,0.9494710347375271,0.7177779151597581,1.1268762192871513,0.38835026575977755,65.3125,61.354166666666664,40.416666666666664,1.8260416666666666,2.078125,0.7260416666666667,1731.5239583333334
2024,associate,1678,1.067975142947893,0.8525149190110827,1.117672779715042,0.357579383698147,70.56019070321811,59.296781883194285,40.166865315852206,2.1579261025029797,1.967222884386174,0.7491060786650775,1820.9493444576876
2024,mid-senior,24528,1.1822235908093455,0.9249982103248995,0.9681981021064063,0.37643844570867846,75.02038486627528,61.65198956294846,42.404598825831705,2.439864644487932,1.963307240704501,0.795662100456621,1968.9941699282454
2024,director,113,1.7959210664858718,1.609935602575897,0.7554455602160666,0.6150846702972413,84.95575221238938,55.75221238938053,70.79646017699115,5.061946902654867,1.7876106194690264,1.584070796460177,2609.778761061947
2026,entry,3255,1.0975725243607126,0.9722897423432182,0.9189555295096253,0.2529611336373075,85.99078341013825,69.73886328725038,45.92933947772657,3.464516129032258,2.584331797235023,0.7840245775729646,2991.436559139785
2026,associate,622,1.150572916763994,1.0133430634348308,1.2342848814914822,0.3824186588255805,86.65594855305466,76.36655948553054,58.038585209003216,3.630225080385852,3.562700964630225,1.2508038585209003,3039.792604501608
2026,mid-senior,18370,1.2895752595320684,1.1510791366906474,1.124189433388245,0.3732305866167159,91.20304844855744,82.732716385411,63.206314643440386,4.809635274904736,3.8513881328252584,1.3977681001633098,3608.462275449102
2026,director,222,1.379939829440685,1.316928549429389,1.101120983850646,0.5555741093383985,96.3963963963964,85.58558558558559,78.37837837837837,5.873873873873874,4.427927927927928,2.4054054054054053,4096.752252252252
