period,seniority,n,mgmt_density_mean,mgmt_density_median,orch_density_mean,orch_density_median,strat_density_mean,strat_density_median,pct_has_mgmt,pct_has_orch,pct_has_strat,pct_ai_mention,mean_text_length
2024,mid-senior,24528,1.1822235908093455,0.9249982103248995,0.9681981021064063,0.554016620498615,0.37643844570867846,0.0,75.02038486627528,61.65198956294846,42.404598825831705,2.935420743639922,1968.9941699282454
2024,director,113,1.7959210664858718,1.609935602575897,0.7554455602160666,0.36297640653357527,0.6150846702972413,0.4567252797442339,84.95575221238938,55.75221238938053,70.79646017699115,1.7699115044247788,2609.778761061947
2026,mid-senior,18370,1.2895752595320684,1.1510791366906474,1.124189433388245,0.7369196757553427,0.3732305866167159,0.28665616182970854,91.20304844855744,82.732716385411,63.206314643440386,24.48557430593359,3608.462275449102
2026,director,222,1.379939829440685,1.316928549429389,1.101120983850646,0.7970244420828905,0.5555741093383985,0.47301065098950784,96.3963963963964,85.58558558558559,78.37837837837837,21.17117117117117,4096.752252252252
