metric,common_company_pool_n,companies_used,arshkon_common_denominator,scraped_common_denominator,arshkon_common_value,scraped_common_value,common_panel_total_change,within_company_component,between_reweighting_component,midpoint_residual,arshkon_full_value,scraped_full_value,arshkon_full_denominator,scraped_full_denominator,full_total_change,noncommon_or_entrant_exit_residual
entry_j1,125,125,1381.0,9060.0,0.031860970311368586,0.029359823399558494,-0.002501146911810092,-0.006480606473687099,0.003979459561877026,-1.9081958235744878e-17,0.03659061558329746,0.031188082483305204,4646.0,40881.0,-0.005402533099992255,-0.002901386188182163
entry_j2,125,125,1381.0,9060.0,0.035481535119478644,0.03101545253863134,-0.004466082580847304,-0.008639834839978327,0.004173752259131032,-8.673617379884035e-18,0.039819199311235474,0.03246006702380079,4646.0,40881.0,-0.0073591322874346846,-0.0028930497065873806
entry_j3,125,121,900.0,6796.0,0.13888888888888876,0.21218363743378468,0.07329474854489593,0.0038196513477943093,0.06947509719710136,2.498001805406602e-16,0.14972337482710926,0.17192995177839818,2892.0,27581.0,0.022206576951288914,-0.05108817159360701
entry_j4,125,121,900.0,6796.0,0.28444444444444433,0.4052383755150087,0.12079393107056435,0.03070503655020409,0.09008889452036029,-2.7755575615628914e-17,0.31051175656984786,0.33744244226097675,2892.0,27581.0,0.026930685691128886,-0.09386324537943547
ai_mention_prevalence,125,125,1381.0,9060.0,0.13902968863142642,0.5344370860927156,0.39540739746128917,0.2833438005179789,0.11206359694330993,3.191891195797325e-16,0.1592767972449419,0.5109464054206111,4646.0,40881.0,0.35166960817566917,-0.04373778928562
description_length_mean,125,125,1381.0,9060.0,3488.716147719044,5255.158057395141,1766.4419096760976,963.2662576243126,803.1756520517865,-1.5916157281026244e-12,3316.9565217391305,4912.017049485091,4646.0,40881.0,1595.0605277459604,-171.3813819301372
tech_count_mean,125,125,1381.0,9060.0,4.404779145546704,5.0707505518763805,0.6659714063296764,0.8646112001936369,-0.19863979386396258,2.1094237467877974e-15,4.308652604390874,5.127809985078643,4646.0,40881.0,0.819157380687769,0.15318597435809256
