period,seniority,n,flesch_kincaid_grade,flesch_reading_ease,gunning_fog,avg_sentence_length,sentence_length_sd,type_token_ratio,syllable_count,lexicon_count,raw_length,imperative_density,inclusive_density,marketing_density,passive_density,sec_summary_chars,sec_responsibilities_chars,sec_requirements_chars,sec_preferred_chars,sec_benefits_chars,sec_about_company_chars,sec_legal_chars,sec_unclassified_chars,sec_total_chars
2024,J3_yoe_le2,1667,17.69769144921197,11.940113589221895,21.180504130352123,30.042191409176827,26.35681357267652,0.6834137641354573,1165.1007798440312,583.3971205758849,4165.983203359328,0.7486872771351156,0.5009201853355335,0.1904367459793449,0.6328606893400694,453.40371925614875,858.3659268146371,1057.1523695260948,396.41931613677264,366.51829634073187,154.8518296340732,166.56388722255548,712.7078584283144,4165.983203359328
2026,J3_yoe_le2,2911,17.191436626156566,14.064229082631718,20.748686167693442,27.85256654012826,26.022908408978733,0.6941275877615931,1429.112676056338,718.9577464788732,5316.811748540021,0.6625496309212952,0.5744445110732654,0.18963385140342215,0.6545946618996984,747.5070422535211,1149.727585022329,1000.5448299553418,638.6434215046376,703.7306767433871,239.6221229817932,231.88182755066987,605.1542425283408,5316.811748540021
2024,J1_entry_label,415,17.499134307768113,12.91942315560008,20.791603619789594,30.012790925055814,26.681676125031935,0.6874826499708755,952.0409638554216,478.9301204819277,3412.8409638554217,0.7733582396676284,0.6009598979553928,0.2321049180401819,0.632796219551776,455.4578313253012,561.3012048192771,876.9397590361446,263.05542168674697,287.09638554216866,157.77590361445783,81.83855421686746,729.3759036144578,3412.8409638554217
2026,J1_entry_label,1650,16.6364128899948,17.39609748608873,19.950105479812393,27.307949806854225,25.746344184202403,0.7031050611319191,1317.341212121212,676.0612121212121,4951.494545454545,0.7286441686227376,0.7648194261605569,0.23857993247663653,0.6966803961627066,479.98242424242426,1017.58,950.5612121212121,480.53636363636366,841.260606060606,267.91333333333336,203.21272727272728,710.4478787878788,4951.494545454545
