period_group,n_ai_titles,n_total,share
2024,2163,22820,0.09478527607361963
2026,9462,40881,0.23145226388786966
