period2,sen_combined,n,hedge_mean,firm_mean,hedge_any_rate,firm_any_rate,global_aspiration_ratio
2024,associate,84,2.369047619047619,0.05952380952380952,0.8690476190476191,0.05952380952380952,39.800000000000004
2024,entry,241,0.8547717842323651,0.46887966804979253,0.5186721991701245,0.3775933609958506,1.823008849557522
2024,mid-senior,7707,0.7970676008823148,0.43531854158557154,0.5753211366290385,0.3639548462436746,1.8309985096870343
2024,other,20200,0.7843069306930693,0.43485148514851485,0.5361881188118812,0.36356435643564355,1.8036202185792352
2026,associate,30,1.4333333333333333,0.4,0.7333333333333333,0.3333333333333333,3.583333333333333
2026,entry,390,1.2,0.4256410256410256,0.676923076923077,0.4205128205128205,2.819277108433735
2026,mid-senior,3639,1.055234954657873,0.4339104149491619,0.6628194558944766,0.3882934872217642,2.431918936035465
2026,other,31003,1.160952165919427,0.5317227365093701,0.6910944102183659,0.46043931232461377,2.1833788292387015
