period2,n,yoe_ge5_rate,senior_scope_ge3_rate,yoe_scope_mismatch,operationalization
2024,241,0.029045643153526972,0.004149377593360996,0.03319502074688797,combined
2026,390,0.010256410256410256,0.01282051282051282,0.023076923076923078,combined
2024,977,0.19959058341862845,0.0040941658137154556,0.007164790174002047,final
2026,4656,0.024484536082474227,0.01761168384879725,0.0010738831615120276,final
2024,769,0.25487646293888166,0.0039011703511053317,0.002600780234070221,native
2026,3972,0.03700906344410876,0.0188821752265861,0.0,native
2024,10484,0.0,0.0065814574589851205,9.538344143456696e-05,yoe_le2
2026,14875,0.0,0.02823529411764706,0.0003361344537815126,yoe_le2
