{
  "started": "2026-04-20 23:26:45",
  "steps": {},
  "n_2024": 19372,
  "n_2026": 34501,
  "phi_threshold": 0.15,
  "company_cap": 50,
  "llm_vendor_cluster": {
    "comm_2026_id": 2,
    "size": 17,
    "expected_members_present": 17,
    "expected_members_missing": [
      "claude_tool",
      "copilot",
      "cursor_tool",
      "chatgpt",
      "codex",
      "tabnine",
      "openai_api"
    ],
    "classification": "stable_partial",
    "top_jaccard_vs_2024": 0.65,
    "share_new_arrivals": 0.1765
  },
  "sensitivity_nonagg": {
    "n_2024": 18037,
    "n_2026": 30245,
    "n_comm_2024": 9,
    "n_comm_2026": 11,
    "modularity_2024": 0.6353790429846524,
    "modularity_2026": 0.6574352770469571,
    "n_edges_2024": 326,
    "n_edges_2026": 397
  },
  "sensitivity_cap20": {
    "n_2024": 16876,
    "n_2026": 29255,
    "n_comm_2024": 9,
    "n_comm_2026": 10,
    "modularity_2024": 0.6355994149560867,
    "modularity_2026": 0.664613175137629,
    "n_edges_2024": 310,
    "n_edges_2026": 392
  },
  "modularity_delta_primary": 0.029403603613188056,
  "n_communities_primary": {
    "2024": 9,
    "2026": 10
  },
  "duration_sec": 2.66
}