n_2024,n_2026,n_comm_2024,n_comm_2026,modularity_2024,modularity_2026,n_edges_2024,n_edges_2026
18037,30245,9,11,0.6353790429846524,0.6574352770469571,326,397
