n_2024,n_2026,n_comm_2024,n_comm_2026,modularity_2024,modularity_2026,n_edges_2024,n_edges_2026
16876,29255,9,10,0.6355994149560867,0.664613175137629,310,392
