metric,overall_2024,overall_2026,overall_delta,within_company_delta,composition_effect
Entry-level share,0.16786840919333032,0.13012562218535198,-0.03774278700797834,-0.09348018374905498,0.05573739674107664
AI keyword prevalence,0.20437133844073907,0.5489452476890259,0.3445739092482868,0.32990746822926553,0.014666441019021259
Median desc length,3123.5,5110.0,1986.5,1701.0,285.5
