,2024|junior,2024|mid,2024|senior,2024|unknown,2026|junior,2026|mid,2026|senior,2026|unknown
2024|junior,1.0000000000000004,0.9269131187366305,0.9461381380158435,0.9549275941354818,0.9139882128453996,0.886458288208491,0.8061191021844362,0.8605696592780808
2024|mid,0.9269131187366305,0.9999999999999997,0.9386869328461749,0.9470586290738188,0.8239319163000828,0.8762434011151958,0.797029069197137,0.8475296178870473
2024|senior,0.9461381380158435,0.9386869328461749,1.0000000000000007,0.9877239277535085,0.8554012236656285,0.9293007831749112,0.8927554027293606,0.9203910476698984
2024|unknown,0.9549275941354818,0.9470586290738188,0.9877239277535085,0.9999999999999999,0.8478824395899269,0.9093772367898454,0.8550987743027166,0.9054364318121163
2026|junior,0.9139882128453996,0.8239319163000828,0.8554012236656285,0.8478824395899269,1.0000000000000002,0.8967738218347794,0.8629268588916822,0.9019739814704832
2026|mid,0.886458288208491,0.8762434011151958,0.9293007831749112,0.9093772367898454,0.8967738218347794,0.9999999999999994,0.9262895416383131,0.9470257890254303
2026|senior,0.8061191021844362,0.797029069197137,0.8927554027293606,0.8550987743027166,0.8629268588916822,0.9262895416383131,0.9999999999999999,0.9793790454053795
2026|unknown,0.8605696592780808,0.8475296178870473,0.9203910476698984,0.9054364318121163,0.9019739814704832,0.9470257890254303,0.9793790454053795,1.0000000000000007
