,2024|junior,2024|mid,2024|senior,2024|unknown,2026|junior,2026|mid,2026|senior,2026|unknown
2024|junior,1.0000002,0.9607249,0.97274494,0.9768021,0.98651737,0.94915324,0.93468565,0.95210797
2024|mid,0.9607249,1.0,0.98299235,0.9837587,0.9534508,0.9692688,0.95900285,0.96942407
2024|senior,0.97274494,0.98299235,1.0,0.9965838,0.9698881,0.9871564,0.98283434,0.9902615
2024|unknown,0.9768021,0.9837587,0.9965838,1.0,0.96698886,0.97874343,0.9704809,0.98413104
2026|junior,0.98651737,0.9534508,0.9698881,0.96698886,1.0,0.95993435,0.9552169,0.9660122
2026|mid,0.94915324,0.9692688,0.9871564,0.97874343,0.95993435,0.9999999,0.9889617,0.990618
2026|senior,0.93468565,0.95900285,0.98283434,0.9704809,0.9552169,0.9889617,0.9999999,0.99563897
2026|unknown,0.95210797,0.96942407,0.9902615,0.98413104,0.9660122,0.990618,0.99563897,1.0
