representation,neighbor_seniority,neighbor_share_of_top_k,base_rate_2024_sample,excess_over_base,ratio
embedding,junior,0.21932479627473805,0.0786056049213944,0.14071919135334365,2.7901928430429717
embedding,mid,0.01490104772991851,0.010025062656641603,0.0048759850732769065,1.4863795110593714
embedding,senior,0.45657741559953435,0.455684666210982,0.0008927493885523274,1.001959138533178
embedding,unknown,0.3091967403958091,0.455684666210982,-0.14648792581517295,0.678532246798603
