representation,neighbor_seniority,neighbor_share_of_top_k,base_rate_2024_sample,excess_over_base,ratio
tfidf,junior,0.20256111757857975,0.0786056049213944,0.12395551265718535,2.5769296958040186
tfidf,mid,0.007217694994179278,0.010025062656641603,-0.0028073676624623253,0.7199650756693831
tfidf,senior,0.3857974388824214,0.455684666210982,-0.06988722732856062,0.8466324796274737
tfidf,unknown,0.40442374854481955,0.455684666210982,-0.051260917666162475,0.8875079161816064
