period_bucket,seniority_final,n,yoe_mean,yoe_imputed_share,tech_count_mean,ai_mention_share,org_scope_density_mean,management_density_mean,description_length_mean,education_level_mean
2024,associate,39,3.1794871794871793,0.3076923076923077,4.435897435897436,0.0,0.3567118551465831,0.07876363779172656,1491.2564102564102,0.9487179487179487
2024,director,99,7.393939393939394,0.16161616161616163,3.8383838383838382,0.0,0.5346011907103067,0.1700313901088562,1833.4444444444443,1.3737373737373737
2024,entry,375,2.7253333333333334,0.5626666666666666,4.677333333333333,0.008,0.2941054734808414,0.0505603949125231,1261.7306666666666,0.8693333333333333
2024,mid-senior,12724,5.353819553599497,0.25880226343917007,5.589122917321597,0.00903803835271927,0.44201347076637276,0.15269812543498987,1562.1949858535052,1.0533637220999685
2026,associate,51,2.823529411764706,0.3137254901960784,7.607843137254902,0.1568627450980392,0.3758568380755983,0.07121997244068919,1798.235294117647,0.9215686274509803
2026,director,112,5.482142857142857,0.30357142857142855,9.508928571428571,0.23214285714285715,0.7494532860149226,0.1685427492781643,2293.410714285714,1.0357142857142858
2026,entry,601,2.7104825291181363,0.7337770382695508,5.9916805324459235,0.1064891846921797,0.4316420499023351,0.07110805274347859,1508.9118136439267,1.178036605657238
2026,mid-senior,6052,5.099471249173827,0.24686054196959684,7.060806345009914,0.13417052214144085,0.7404717887000914,0.24356746971762064,1843.7800727032386,0.9396893588896232
