period_bucket,seniority_final,yoe_numeric_z,tech_count_z,ai_mention_z,org_scope_density_z,management_density_z,description_length_cleaned_z,education_level_z
2024,associate,-0.6823519560082995,-0.32987304011731705,-0.2324525017538342,-0.25602615639103216,-0.25309821348591255,-0.19538634048802697,-0.07614728813210746
2024,director,0.777919571024039,-0.45240916718191876,-0.23245250175383422,0.005512872442628172,-0.01453048063654864,0.2371031196847427,0.37600220201516915
2024,entry,-0.8397123664921294,-0.28036015885525006,-0.19617724869803937,-0.34807221529478266,-0.3268195832125636,-0.48548258881661044,-0.1605992243466723
2024,mid-senior,0.07103555312817289,-0.09337334418744894,-0.1914703607072254,-0.13061278275374516,-0.059838462384074954,-0.10572748862836824,0.03517828970138855
2026,associate,-0.8056882679609267,0.3206191714757595,0.4788269699284177,-0.22787854300867755,-0.27281684459581346,0.19260247998788277,-0.10502961925883962
2026,director,0.11549847663137672,0.7104875314460395,0.8201776092402128,0.3213958238898051,-0.01842168710311255,0.8184518048115285,0.016402245141052114
2026,entry,-0.8448580427142057,-0.010818149991094388,0.25041276354792746,-0.1458612029685359,-0.27310939511608856,-0.17307177914365335,0.1678093588178972
2026,mid-senior,-0.0170939517284946,0.20843466193073867,0.37593120365977734,0.30819091715523794,0.17768785880425547,0.2501662599456204,-0.08575219569001416
