period,d_associate_to_entry,d_associate_to_midsenior,ratio_assoc_to_entry_over_midsenior,d_entry_to_midsenior,d_midsenior_to_director
2024,0.36568428776961054,0.8358913330465427,0.4374782622004398,1.079610249836766,0.9405041441953187
2026,0.6151777957584275,1.0672694412473616,0.5764034572557835,1.183987101389522,0.9159749006173502
