classifier,n_companies,corr_d_reqshare_d_desclen,corr_d_reqchars_d_desclen
T13,356,-0.11341727971418966,0.32153282254076443
simple_regex,356,0.01573253407949153,0.3787629278609866
