metric,agg_2024,agg_2026,total_change,within_company,between_company,within_pct,between_pct
entry_share (combined col),0.033602150537634407,0.042411711907094536,0.00880956136946013,-0.0027014336404446457,0.011510995009904774,-30.664791663857788,130.66479166385778
entry_share (YOE<=2),0.12686488223607773,0.1918591442709245,0.06499426203484676,0.008175650621366031,0.05681861141348071,12.579034464584959,87.42096553541502
AI rate,0.025958702064896755,0.21941489361702124,0.19345619155212448,0.17592434726701972,0.0175318442851048,90.93756361869606,9.062436381303955
desc length (raw),3520.153392330383,5411.883704061896,1891.7303117315132,958.1758391722035,933.5544725593086,50.65076312570045,49.34923687429949
desc length (LLM-only),1931.2243740652034,2634.4094490398793,703.1850749746759,522.8664237712435,180.31865120343204,74.35687166569537,25.64312833430458
tech count,6.151032448377581,8.315643133462283,2.1646106850847016,2.439813164088309,-0.27520247900360806,112.71371710857277,-12.713717108572775
scope mentions,0.27492625368731566,0.4937137330754352,0.21878747938811954,0.17348345775320095,0.04530402163491861,79.29313790641959,20.706862093580426
"entry_share (native, arshkon-only)",0.20530973451327433,0.0913926499032882,-0.11391708460998613,-0.09121499785970566,-0.02270208675028047,80.07139418287889,19.928605817121106
entry_share (seniority_final),0.21769911504424777,0.1182301740812379,-0.09946894096300987,-0.08477474521258119,-0.014694195750428695,85.2273527714615,14.77264722853852
