metric,within_cell,between_cell,total
entry (YOE<=2),0.032906575456532916,0.053599719780983046,0.08650629523751596
AI rate,0.12394488956389649,0.02392856703849997,0.14787345660239645
