size_quartile,n,entry_share_sf,yoe_le2_share,ai_any,tech_count_mean,desc_len_mean,mean_company_size
Q1,1154,0.02772963604852686,0.11601307189542484,0.0415944540727903,4.776429809358752,2223.304159445407,37.70623916811092
Q2,1213,0.026380873866446827,0.12845303867403315,0.03709810387469085,4.663643858202803,2633.7081615828524,309.76751854905194
Q3,1107,0.04607046070460705,0.14086471408647142,0.03342366757000903,4.943992773261066,3790.43721770551,3384.0505871725386
Q4,1142,0.046409807355516634,0.19902912621359223,0.05166374781085814,5.394045534150613,4715.753940455342,112413.60595446585
