period_bucket,False,True
2024,0.8521910604732691,0.14780893952673094
2026,0.833663560089039,0.1663364399109611
