source,n_native_entry,n_with_yoe,mean_yoe,median_yoe,pct_yoe_ge5,pct_yoe_le2,pct_seniority_final_unknown
kaggle_arshkon,738,458,4.179039301310044,3.0,0.425764192139738,0.28602620087336245,0.8373983739837398
scraped,4689,1818,2.355885588558856,2.0,0.10561056105610561,0.8113311331133113,0.8500746427809768
