period,n,desc_len_mean,desc_len_median,yoe_mean,yoe_median,yoe_known_n,seniority_known_n,entry_share_of_all,entry_share_of_known,is_aggregator_share
2024,22820,3763.080806310254,3593.5,5.691394093362972,5.0,15745,14013,0.01660823838737949,0.027046314136872904,0.14780893952673094
2026,40881,4912.017049485091,4862.0,5.047786519705594,5.0,27581,19040,0.031188082483305204,0.06696428571428571,0.1663364399109611
