period_bucket,n,avg_desc_len,avg_breadth,avg_breadth_resid,avg_tech,avg_org_scope,avg_credential,ai_strict_share,ai_broad_share,mentor_share,entry_share_J2
2024,556,1401.7428057553957,10.338129496402878,1.913828502926117,5.388489208633094,1.0179856115107915,4.35431654676259,0.18525179856115107,0.9316546762589928,0.13129496402877697,0.02158273381294964
2026,2014,1844.566037735849,14.056603773584905,4.713707187907573,7.554617676266137,1.4572989076464746,4.722442899702085,0.44885799404170806,0.9860973187686196,0.22939424031777558,0.04369414101290963
