is_aggregator,company_size_bucket,n,ghost_like_rate,template_saturation_rate,kitchen_sink_tech_rate,aspiration_saturated_rate,yoe_scope_mismatch_rate,ai_any_rate
False,large_1000_plus,1779,1.1270376616076447,0.2653175941540191,0.0022484541877459247,0.433389544688027,0.06408094435075885,0.16469926925238898
False,small_under_1000,2261,0.6713843432109686,0.11057054400707651,0.0017691287041132243,0.3578062804068996,0.02830605926581159,0.11455108359133127
False,unknown,19556,1.0609020249539782,0.3191859275925547,0.003835140110452035,0.3582020863162201,0.007874821026794845,0.1625076702802209
True,large_1000_plus,284,0.5316901408450704,0.11267605633802817,0.0035211267605633804,0.31690140845070425,0.06338028169014084,0.06338028169014084
True,small_under_1000,270,1.462962962962963,0.6555555555555556,0.0,0.13703703703703704,0.02962962962962963,0.04814814814814815
True,unknown,6827,1.4657975684781017,0.7807235974805917,0.04101362238171964,0.2575069576680826,0.0058590889116742345,0.1795810751428153
