panel,metric,mean_uncapped,mean_cap10,n_uncapped,n_cap10,delta
pooled_min5_n3,ai_strict_v1,0.1339851918728924,0.13791486291486293,33,33,0.003929671041970534
pooled_min5_n3,requirement_breadth_resid,0.08313848210019256,0.11262672717461565,33,33,0.02948824507442309
pooled_min5_n3,mgmt_strict_v1,0.15987034850671214,0.15708273208273207,33,33,-0.002787616423980066
pooled_min5_n3,reqs_share_t13,-0.019151902832227563,-0.018379622226999952,33,33,0.0007722806052276113
pooled_min5_n3,desc_len_any,304.93939393939394,320.8030303030303,33,33,15.863636363636374
