panel,metric,mean_with_agg,mean_without_agg,n_with,n_without,delta
pooled_min5_n3,ai_strict_v1,0.1339851918728924,0.16493882677037755,33,22,0.03095363489748515
pooled_min5_n3,requirement_breadth_resid,0.08313848210019256,0.05564657777839226,33,22,-0.0274919043218003
pooled_min5_n3,mgmt_strict_v1,0.15987034850671214,0.22734053676567045,33,22,0.06747018825895831
pooled_min5_n3,reqs_share_t13,-0.019151902832227563,-0.007645128702360384,33,22,0.011506774129867179
pooled_min5_n3,desc_len_any,304.93939393939394,376.79545454545456,33,22,71.85606060606062
