min_topic_size,n_topics,outlier_frac,coherence_npmi_top10
20,35,0.310375,0.17380806573532404
30,22,0.2785,0.1443323923374506
50,2,0.002875,0.13468649501002194
