seed,n_topics,outlier_frac,collapsed
11,3,0.00625,True
77,24,0.317875,False
99,25,0.32325,False
2026,26,0.345125,False
31337,3,0.005625,True
