label,value
ari_raw_bt_vs_nmf,0.17396326551033195
ari_reduced_bt_vs_nmf,0.31451523451297736
