k,reconstruction_err,redundancy
5,85.30911834080342,0.0
8,84.48639367585501,0.0
12,83.81711564546714,0.0
15,83.394593825464,0.0
22,82.58193053338422,0.0
