metric,asaniczka,arshkon,scraped,within_2024_annualized_change,cross_period_annualized_change,acceleration_ratio,days_asaniczka_to_arshkon,days_arshkon_to_scraped
entry_final_share,0.008715317998786474,0.03730547857599659,0.02804694229112834,0.11733209158231454,-0.004723017287776714,0.040253414254217676,0.243668720054757,1.9603011635865846
yoe_le2_share,0.0733631198632026,0.09294393519505435,0.11646748492678725,0.08035834606695341,0.011999967233960114,0.14933068960829426,0.243668720054757,1.9603011635865846
analysis_text_median_len,2131.0,1829.0,2505.0,-1239.3876404494383,344.8449720670391,0.2782381886122313,0.243668720054757,1.9603011635865846
ai_tool_share,0.018042891999486322,0.025646505663603335,0.20298357358364064,0.031204717874367856,0.09046419561144362,2.8990550715971257,0.243668720054757,1.9603011635865846
scope_any_share,0.0,0.0,0.0,0.0,0.0,,0.243668720054757,1.9603011635865846
tech_count_median,4.0,4.0,5.0,0.0,0.5101256983240223,,0.243668720054757,1.9603011635865846
requirement_breadth_mean,5.869847181199435,5.937593502885232,6.977539389875964,0.2780263370307558,0.5305031218203419,1.908103841837317,0.243668720054757,1.9603011635865846
credential_stack_depth_mean,2.0100809040708874,1.84676212865997,2.167113643982568,-0.6702492440318827,0.16341954046309892,0.24381905972776496,0.243668720054757,1.9603011635865846
native_entry_share,,0.1573225325090599,0.11455641688199827,,-0.02181609459886069,,,1.9603011635865846
