swe_classification_tier,n,share
regex,26822,0.865225806451613
embedding_llm,3559,0.11480645161290323
embedding_high,619,0.01996774193548387
