period_group,n,tech_count_mean,soft_skill_count_mean,org_scope_count_mean,mgmt_strict_count_mean,mgmt_broad_count_mean,ai_term_count_mean,education_tier_mean,has_yoe_mean,requirement_breadth_mean,credential_stack_depth_strict_mean,credential_stack_depth_broad_mean,tech_density_mean,scope_density_mean,tech_count_median,soft_skill_count_median,org_scope_count_median,mgmt_strict_count_median,mgmt_broad_count_median,ai_term_count_median,education_tier_median,has_yoe_median,requirement_breadth_median,credential_stack_depth_strict_median,credential_stack_depth_broad_median,tech_density_median,scope_density_median
2024,21724.0,4.744752347633953,0.37115632480206223,0.33755293684404347,0.09049898729515743,0.5159731172896336,0.09247836494199964,0.6273706499723808,0.6910789909777205,6.877416682010679,2.769839808506721,3.0740195175842384,9.749632803137988,0.5208994313987397,4.0,0.0,0.0,0.0,0.0,0.0,1.0,1.0,6.0,3.0,3.0,7.142857142857142,0.0
2026,12534.0,6.087681506302856,0.39995213020584014,0.6905217807563427,0.09972873783309398,0.5445189085686931,0.8016594861975427,0.5682942396681028,0.6775171533429073,9.270863251954683,3.309797351204723,3.6295675761927555,9.603934961980027,0.9615604639531256,5.0,0.0,0.0,0.0,0.0,0.0,1.0,1.0,8.0,3.0,4.0,7.809727643718949,0.0
