source,n,tech_count_mean,soft_skill_count_mean,org_scope_count_mean,mgmt_strict_count_mean,mgmt_broad_count_mean,ai_term_count_mean,education_tier_mean,has_yoe_mean,requirement_breadth_mean,credential_stack_depth_strict_mean,credential_stack_depth_broad_mean,tech_density_mean,scope_density_mean,tech_count_median,soft_skill_count_median,org_scope_count_median,mgmt_strict_count_median,mgmt_broad_count_median,ai_term_count_median,education_tier_median,has_yoe_median,requirement_breadth_median,credential_stack_depth_strict_median,credential_stack_depth_broad_median,tech_density_median,scope_density_median
kaggle_arshkon,4687.0,4.9315126946874335,0.47429059099637294,0.35886494559419674,0.11094516748453169,0.5056539364198848,0.1177725624066567,0.48005120546191593,0.621079581822061,7.044591423085129,2.730744612758694,3.002560273095797,9.576885484934488,0.5259488788237396,4.0,0.0,0.0,0.0,0.0,0.0,0.0,1.0,6.0,3.0,3.0,7.561436672967863,0.0
kaggle_asaniczka,17037.0,4.69337324646358,0.34278335387685627,0.33168985149967717,0.08487409755238598,0.5188119974173857,0.08551975112989377,0.6678992780419087,0.7103363268181018,6.831425720490697,2.7805951752069027,3.0936784645184012,9.7971568203018,0.5195102924610763,4.0,0.0,0.0,0.0,0.0,0.0,1.0,1.0,6.0,3.0,3.0,6.976744186046512,0.0
