period_group,is_entry_yoe,n,tech_count_mean,soft_skill_count_mean,org_scope_count_mean,mgmt_strict_count_mean,mgmt_broad_count_mean,ai_term_count_mean,education_tier_mean,has_yoe_mean,requirement_breadth_mean,credential_stack_depth_strict_mean,credential_stack_depth_broad_mean,tech_density_mean,scope_density_mean,tech_count_median,soft_skill_count_median,org_scope_count_median,mgmt_strict_count_median,mgmt_broad_count_median,ai_term_count_median,education_tier_median,has_yoe_median,requirement_breadth_median,credential_stack_depth_strict_median,credential_stack_depth_broad_median,tech_density_median,scope_density_median
2024,False,20036.0,4.757486524256339,0.36978438810141745,0.33884008784188463,0.0906867638251148,0.5126771810740667,0.09143541625074865,0.6178378917947694,0.6650529047714114,6.8541625074865244,2.7358754242363745,3.0371830704731484,9.884493020711087,0.5242147734328281,4.0,0.0,0.0,0.0,0.0,0.0,1.0,1.0,6.0,3.0,3.0,7.2332730560578655,0.0
2024,True,1688.0,4.593601895734597,0.38744075829383884,0.3222748815165877,0.08827014218009478,0.5550947867298578,0.10485781990521327,0.740521327014218,1.0,7.153436018957346,3.1729857819905214,3.5112559241706163,8.148886760901862,0.4815474213306152,4.0,0.0,0.0,0.0,0.0,0.0,1.0,1.0,6.0,3.0,3.0,6.289308176100629,0.0
2026,False,11076.0,6.1492416034669555,0.40095702419646084,0.7026002166847237,0.09913326110509209,0.5500180570603106,0.8011917659804983,0.5414409534127844,0.6350668111231491,9.274738172625497,3.247381726254966,3.571325388226797,9.795046460929223,0.988773467918548,5.0,0.0,0.0,0.0,0.0,0.0,0.0,1.0,8.0,3.0,4.0,7.988283991951095,0.0
2026,True,1458.0,5.62002743484225,0.39231824417009603,0.5987654320987654,0.10425240054869685,0.5027434842249657,0.8052126200274349,0.7722908093278463,1.0,9.241426611796982,3.7839506172839505,4.07201646090535,8.152116743625227,0.7548312239524262,5.0,0.0,0.0,0.0,0.0,0.0,1.0,1.0,8.0,4.0,4.0,6.615223035854946,0.0
