period_group,is_entry_sen,n,tech_count_mean,soft_skill_count_mean,org_scope_count_mean,mgmt_strict_count_mean,mgmt_broad_count_mean,ai_term_count_mean,education_tier_mean,has_yoe_mean,requirement_breadth_mean,credential_stack_depth_strict_mean,credential_stack_depth_broad_mean,tech_density_mean,scope_density_mean,tech_count_median,soft_skill_count_median,org_scope_count_median,mgmt_strict_count_median,mgmt_broad_count_median,ai_term_count_median,education_tier_median,has_yoe_median,requirement_breadth_median,credential_stack_depth_strict_median,credential_stack_depth_broad_median,tech_density_median,scope_density_median
2024,False,21348.0,4.7522016113921675,0.3704328274311411,0.33918868278058834,0.09110923739928799,0.5181281618887015,0.09223346449316096,0.6277871463368934,0.6955686715383174,6.890715757916433,2.7749672100430955,3.079492224095934,9.769962915181768,0.5221559016304679,4.0,0.0,0.0,0.0,0.0,0.0,1.0,1.0,6.0,3.0,3.0,7.142857142857143,0.0
2024,True,376.0,4.321808510638298,0.4122340425531915,0.24468085106382978,0.05585106382978723,0.39361702127659576,0.10638297872340426,0.6037234042553191,0.43617021276595747,6.122340425531915,2.478723404255319,2.7632978723404253,8.595358250184308,0.4495613289866894,4.0,0.0,0.0,0.0,0.0,0.0,1.0,0.0,5.0,2.0,3.0,6.783859859030702,0.0
2026,False,11924.0,6.1293190204629315,0.39391143911439114,0.7012747400201275,0.10005031868500504,0.5479704797047971,0.8045957732304596,0.5615565246561557,0.6986749412948675,9.337386782958738,3.3288326065078833,3.6492787655149277,9.642093419526091,0.9727168328880192,5.0,0.0,0.0,0.0,0.0,0.0,1.0,1.0,8.0,3.0,4.0,7.870918180860752,0.0
2026,True,610.0,5.273770491803279,0.5180327868852459,0.48032786885245904,0.09344262295081968,0.47704918032786886,0.7442622950819672,0.7,0.2639344262295082,7.970491803278689,2.9377049180327868,3.2442622950819673,8.858030949227103,0.743480884970055,4.0,0.0,0.0,0.0,0.0,0.0,1.0,0.0,7.0,3.0,3.0,6.881752256918752,0.0
