period_group,has_mgmt_strict,has_mgmt_broad,inflation_ratio
2024,0.08543546308230529,0.3896151721598232,4.560344827586206
2026,0.09494175841710548,0.41471198340513804,4.368067226890756
