period_group,tech_count,soft_skill_count,org_scope_count,mgmt_strict_count,mgmt_broad_count,ai_term_count,education_tier,has_yoe,requirement_breadth,credential_stack_depth_strict,credential_stack_depth_broad,tech_density,scope_density
2024,4.561231066709635,0.3914491352454614,0.35347513159308197,0.0927059834568697,0.5241701579116984,0.09356536684928564,0.6071006552798367,0.6946503383822108,6.718659361907831,2.7743044365667635,3.0828767859061124,9.159425628303788,0.5400870103481721
2026,6.007312614259598,0.40431059366881555,0.715481574136438,0.10458962763398441,0.5675935725969402,0.8258443182911576,0.5978062157221207,0.6974886943134803,9.290291542384297,3.376695852977966,3.707110555181372,8.911777201530965,0.9678643185499002
