period_group,tech_count,soft_skill_count,org_scope_count,mgmt_strict_count,mgmt_broad_count,ai_term_count,education_tier,has_yoe,requirement_breadth,credential_stack_depth_strict,credential_stack_depth_broad,tech_density,scope_density
2024,4.631060438344034,0.39489705556785476,0.34907017932255924,0.0916537524905911,0.5193712641133496,0.09348018596413549,0.583075049811822,0.6858534425503653,6.75880008855435,2.748450298870932,3.0551804294885985,9.49236396312974,0.5368516011218849
2026,6.173129119813882,0.41925164792555253,0.7048274525009693,0.09829391236913533,0.5459480418766964,0.8287126793330748,0.5475959674292361,0.662369135323769,9.377278014734394,3.298759208995735,3.6190383869716944,9.713228188806301,0.9781376416197921
