period_group,primary,no_aggregator,cap_50_per_company
2024,6.877416682010679,6.718659361907831,6.75880008855435
2026,9.270863251954683,9.290291542384297,9.377278014734394
