metric,total_change,within_overlap,within_pct,composition,composition_pct,overlap_share_2024,overlap_share_2026,overlap_mean_2024,overlap_mean_2026,entrant_mean,exit_mean,n_overlap_companies
Entry share,0.10108630056089377,0.04380254142914693,43.3318275434964,0.05728375913174684,56.6681724565036,0.4490648909039388,0.4254409628553642,0.035810064678971444,0.13598673300165837,0.13442646633920832,0.03253182461103253,451
AI prevalence,0.20978400236477754,0.08685656724467122,41.40285544445039,0.12292743512010632,58.59714455554962,0.4490648909039388,0.4254409628553642,0.034311405584477046,0.23295288264559555,0.24342675527304247,0.02500964382152501,451
Description length,1610.1872541705397,762.994251253261,47.385436027830465,847.1930029172787,52.614563972169535,0.4490648909039388,0.4254409628553642,2757.740495346269,4502.712808506487,4173.983097370702,2659.562749132056,451
