metric,entrant_mean,continuer_mean,diff
Entry share,0.14890115209604027,0.1247275897137876,0.02417356238225267
AI prevalence,0.2518152773743828,0.22933313961935203,0.022482137755030773
Description length,4134.34320844225,4448.518088043004,-314.17487960075414
Tech count,8.198567141059154,8.459465349411595,-0.26089820835244026
Org scope,3.4069125762416497,4.007554845270957,-0.6006422690293074
