term,freq_2024,freq_2026,count_2024,count_2026,ratio,level
reassignment,0.04373065015479876,0.0006131207847946045,113,2,71.32469040247678,mid-senior
virginiasenior,0.020123839009287926,0.0,52,0,inf,mid-senior
leavepaid,0.012770897832817337,0.0,33,0,inf,mid-senior
compliantly,0.011222910216718266,0.0,29,0,inf,mid-senior
bounties,0.010835913312693499,0.0,28,0,inf,mid-senior
venturing,0.010835913312693499,0.0,28,0,inf,mid-senior
workingwe,0.010061919504643963,0.0,26,0,inf,mid-senior
socials,0.010061919504643963,0.0,26,0,inf,mid-senior
