cohort,seniority_cell,n,ai_tool_rate,ai_domain_rate,ai_general_rate,ai_strict_rate,ai_any_rate,copilot_rate,cursor_ai_rate,claude_ai_rate,chatgpt_rate,rag_rate
2024_pooled,all,22812,0.0024986849026827984,0.02389093459582676,0.03208837453971594,0.010301595651411538,0.05071891986673681,4.38365772400491e-05,4.38365772400491e-05,0.0001315097317201473,0.0004822023496405401,0.000876731544800982
2024_pooled,J3_yoe_le2,1667,0.002999400119976005,0.02459508098380324,0.03119376124775045,0.008398320335932814,0.04859028194361128,0.0,0.0,0.0005998800239952009,0.0005998800239952009,0.001799640071985603
2024_pooled,S4_yoe_ge5,12894,0.0017062199472622926,0.019543973941368076,0.029393516364200404,0.010004653327128897,0.045137273150302464,0.0,0.0,7.755545214828603e-05,0.00046533271288971617,0.0003102218085931441
2024_arshkon_only,all,4687,0.004267121826328142,0.030936633240879027,0.04331128653723064,0.01322807766161724,0.06272669084702369,0.0,0.0,0.0002133560913164071,0.0004267121826328142,0.0032003413697461063
2024_arshkon_only,J3_yoe_le2,449,0.008908685968819599,0.0378619153674833,0.042316258351893093,0.017817371937639197,0.0645879732739421,0.0,0.0,0.0022271714922048997,0.0022271714922048997,0.0066815144766146995
2024_arshkon_only,S4_yoe_ge5,2246,0.002226179875333927,0.024933214603739984,0.041852181656277826,0.013357079252003561,0.0578806767586821,0.0,0.0,0.0,0.0004452359750667854,0.0008904719501335708
2026_scraped,all,25822,0.09360235458136473,0.07462628766168383,0.2580357834404771,0.10611106808148091,0.2935868639144915,0.001006893346758578,0.01978932693052436,0.03493145379908605,0.001200526682673689,0.05197118735961583
2026_scraped,J3_yoe_le2,2911,0.07763655101339746,0.07007901064926142,0.22569563723806252,0.08519409137753349,0.25695637238062524,0.0017176228100309172,0.017176228100309172,0.02782548952250086,0.0013740982480247338,0.03881827550669873
2026_scraped,S4_yoe_ge5,12958,0.0967741935483871,0.0684519215928384,0.26084272264238306,0.10989350208365488,0.2937953387868498,0.0010804136440808766,0.020682204043833925,0.03711992591449298,0.0012347584503781448,0.052554406544219785
