cell,n,ai_strict_rate,ai_any_rate,ai_tool_rate,ai_general_rate,copilot_rate,cursor_rate,claude_rate,rag_rate
2024 pooled (SWE all),22812,0.010301595651411538,0.05071891986673681,0.0024986849026827984,0.03208837453971594,4.38365772400491e-05,4.38365772400491e-05,0.0001315097317201473,0.000876731544800982
2024 arshkon (SWE all),4687,0.01322807766161724,0.06272669084702369,0.004267121826328142,0.04331128653723064,0.0,0.0,0.0002133560913164071,0.0032003413697461063
2026 scraped (SWE all),25822,0.10611106808148091,0.2935868639144915,0.09360235458136473,0.2580357834404771,0.001006893346758578,0.01978932693052436,0.03493145379908605,0.05197118735961583
2024 pooled (J3 yoe<=2),1667,0.008398320335932814,0.04859028194361128,0.002999400119976005,0.03119376124775045,0.0,0.0,0.0005998800239952009,0.001799640071985603
2024 pooled (S4 yoe>=5),12894,0.010004653327128897,0.045137273150302464,0.0017062199472622926,0.029393516364200404,0.0,0.0,7.755545214828603e-05,0.0003102218085931441
2026 scraped (J3 yoe<=2),2911,0.08519409137753349,0.25695637238062524,0.07763655101339746,0.22569563723806252,0.0017176228100309172,0.017176228100309172,0.02782548952250086,0.03881827550669873
2026 scraped (S4 yoe>=5),12958,0.10989350208365488,0.2937953387868498,0.0967741935483871,0.26084272264238306,0.0010804136440808766,0.020682204043833925,0.03711992591449298,0.052554406544219785
