cohort,n,copilot_rate,cursor_rate,claude_rate,chatgpt_rate,rag_rate,ai_strict_rate,ai_general_rate
2024_pooled,22812,4.38365772400491e-05,4.38365772400491e-05,0.0001315097317201473,0.0004822023496405401,0.000876731544800982,0.010301595651411538,0.03208837453971594
2026_scraped,25822,0.001006893346758578,0.01978932693052436,0.03493145379908605,0.001200526682673689,0.05197118735961583,0.10611106808148091,0.2580357834404771
