source,n_postings,entry_share,ai_share,mean_desc_len
kaggle_arshkon,4639,0.16663073938348782,0.011856003449019185,3377.5733994395346
scraped,4318,0.12992125984251968,0.13849004168596574,5174.237146827235
