is_agg_2026,n,d_entry_final_rate,d_yoe_le2_rate,d_ai_any,d_desc_len
False,204,-0.02854618030694241,0.023669360391425785,0.21183882794774858,839.9899191122194
True,36,0.008557942035615022,0.03905350266317545,0.21532379738711865,925.1462160164277
