cluster,n,d_entry_final_rate,d_yoe_le2_rate,d_ai_any,d_desc_len,d_scope_clean_any,mean_agg_share
0,99,0.008892735595201403,-0.031037211413444968,0.10343189954162836,1296.1090790642481,0.22122350221639725,0.20370757945969364
1,21,-0.48616860014643265,-0.07624643855232055,0.16190560498059323,1071.9830098763584,0.11776830098162373,0.061250993904055126
2,74,0.07553641158518008,0.1446321169380688,0.179581043100345,13.231339063160823,-0.02899458639973276,0.14346112585186122
3,46,0.0006472235980795167,-0.002453515848861344,0.5225653186660388,1149.0792641314376,0.3283050005024435,0.18733279179503437
