metric,n_companies,mean_2024,mean_2026,total_change,within_component,between_component,residual
entry_final_rate,197,0.07557896554144208,0.06282470465113243,-0.012754260890309649,-0.03179477355946596,0.019040512669156306,3.469446951953614e-18
yoe_le2_rate,222,0.12928291799300934,0.19814860617429877,0.06886568818128944,0.015217867460473626,0.05364782072081581,0.0
ai_any,240,0.040178571428571425,0.269327767631968,0.22914919620339655,0.21033893374030913,0.018810262463087448,-2.42861286636753e-17
desc_len,240,3472.6356026785716,5320.048612922863,1847.4130102442914,934.7473384698101,912.6656717744816,-2.2737367544323206e-13
scope_clean_any,240,0.19419642857142855,0.35777024089051224,0.1635738123190837,0.13401183728578986,0.029561975033293796,3.469446951953614e-17
