metric,n_companies,mean_2024,mean_2026,total_change,within_component,between_component,residual
entry_final_rate,171,0.08297797427699388,0.06488213050486998,-0.018095843772123907,-0.038161017778743804,0.02006517400661989,6.938893903907228e-18
yoe_le2_rate,197,0.14721236122870113,0.215875521308883,0.06866316008018186,0.00669846211137417,0.0619646979688077,-6.938893903907228e-18
ai_any,213,0.04468085106382978,0.28011026293469043,0.23542941187086064,0.21510696778797483,0.020322444082885822,-1.734723475976807e-17
desc_len,213,3675.541134751773,5597.423346055979,1921.882211304206,841.2484581581084,1080.6337531460983,-6.821210263296962e-13
scope_clean_any,213,0.2021276595744681,0.36513994910941483,0.16301228953494673,0.13054147759261608,0.03247081194233062,2.7755575615628914e-17
