{
  "n_panel_ge3": 240,
  "n_panel_ge5": 125,
  "n_archetype_pivoted": 179,
  "n_archetype_total": 240,
  "median_archetype_tvd": 0.6291666666666667,
  "cluster_sizes": {
    "0": 99,
    "1": 21,
    "2": 74,
    "3": 46
  },
  "decomposition": {
    "entry_final_rate": {
      "n_companies": 197,
      "mean_2024": 0.07557896554144208,
      "mean_2026": 0.06282470465113243,
      "total_change": -0.012754260890309649,
      "within_component": -0.03179477355946596,
      "between_component": 0.019040512669156306,
      "residual": 3.469446951953614e-18
    },
    "yoe_le2_rate": {
      "n_companies": 222,
      "mean_2024": 0.12928291799300934,
      "mean_2026": 0.19814860617429877,
      "total_change": 0.06886568818128944,
      "within_component": 0.015217867460473626,
      "between_component": 0.05364782072081581,
      "residual": 0.0
    },
    "ai_any": {
      "n_companies": 240,
      "mean_2024": 0.040178571428571425,
      "mean_2026": 0.269327767631968,
      "total_change": 0.22914919620339655,
      "within_component": 0.21033893374030913,
      "between_component": 0.018810262463087448,
      "residual": -2.42861286636753e-17
    },
    "desc_len": {
      "n_companies": 240,
      "mean_2024": 3472.6356026785716,
      "mean_2026": 5320.048612922863,
      "total_change": 1847.4130102442914,
      "within_component": 934.7473384698101,
      "between_component": 912.6656717744816,
      "residual": -2.2737367544323206e-13
    },
    "scope_clean_any": {
      "n_companies": 240,
      "mean_2024": 0.19419642857142855,
      "mean_2026": 0.35777024089051224,
      "total_change": 0.1635738123190837,
      "within_component": 0.13401183728578986,
      "between_component": 0.029561975033293796,
      "residual": 3.469446951953614e-17
    }
  },
  "decomposition_no_aggregator": {
    "entry_final_rate": {
      "n_companies": 171,
      "mean_2024": 0.08297797427699388,
      "mean_2026": 0.06488213050486998,
      "total_change": -0.018095843772123907,
      "within_component": -0.038161017778743804,
      "between_component": 0.02006517400661989,
      "residual": 6.938893903907228e-18
    },
    "yoe_le2_rate": {
      "n_companies": 197,
      "mean_2024": 0.14721236122870113,
      "mean_2026": 0.215875521308883,
      "total_change": 0.06866316008018186,
      "within_component": 0.00669846211137417,
      "between_component": 0.0619646979688077,
      "residual": -6.938893903907228e-18
    },
    "ai_any": {
      "n_companies": 213,
      "mean_2024": 0.04468085106382978,
      "mean_2026": 0.28011026293469043,
      "total_change": 0.23542941187086064,
      "within_component": 0.21510696778797483,
      "between_component": 0.020322444082885822,
      "residual": -1.734723475976807e-17
    },
    "desc_len": {
      "n_companies": 213,
      "mean_2024": 3675.541134751773,
      "mean_2026": 5597.423346055979,
      "total_change": 1921.882211304206,
      "within_component": 841.2484581581084,
      "between_component": 1080.6337531460983,
      "residual": -6.821210263296962e-13
    },
    "scope_clean_any": {
      "n_companies": 213,
      "mean_2024": 0.2021276595744681,
      "mean_2026": 0.36513994910941483,
      "total_change": 0.16301228953494673,
      "within_component": 0.13054147759261608,
      "between_component": 0.03247081194233062,
      "residual": 2.7755575615628914e-17
    }
  }
}