{
  "n_rows": 63701,
  "n_techs": 107,
  "ai_rate_overall": 0.15144189259195304,
  "ai_rate_by_source": {
    "arshkon": 0.040289916862076315,
    "asaniczka": 0.028131722654310774,
    "scraped": 0.21887918592989408
  },
  "tech_count_mean_by_source": {
    "arshkon": 5.3815817522916225,
    "asaniczka": 5.097688785923107,
    "scraped": 6.954844548812407
  },
  "phi_threshold": 0.15,
  "n_edges": 361,
  "n_communities_2024": 16,
  "n_communities_2026": 12,
  "struct_extract_spearman_rho": 0.9851846776944793,
  "struct_extract_spearman_p": 3.1156725358140245e-82,
  "asaniczka_junior_n": 228,
  "asaniczka_midsenior_n": 11426,
  "n_chi_tests": 500,
  "n_chi_bh05": 3,
  "n_chi_bonf05": 2
}