period_group,seniority_final,management_strict_density_mean,management_strict_density_median,management_broad_density_mean,management_broad_density_median,orchestration_strict_density_mean,orchestration_strict_density_median,orchestration_broad_density_mean,orchestration_broad_density_median,strategic_strict_density_mean,strategic_strict_density_median,strategic_broad_density_mean,strategic_broad_density_median,ai_any_mean,ai_any_median,ai_tool_any_mean,ai_tool_any_median,ai_domain_any_mean,ai_domain_any_median,tech_count_mean,tech_count_median,education_level_mean,education_level_median,yoe_extracted_mean,yoe_extracted_median
2024,director,0.3822535254046661,0.31545741324921134,1.2032261693885427,1.1760094080752646,0.06778158125787119,0.0,0.19843115116869495,0.0,0.1893614942574147,0.0,0.7631491032648323,0.6644518272425249,0.011764705882352941,0.0,0.011764705882352941,0.0,0.011764705882352941,0.0,1.8941176470588235,1.0,1.0588235294117647,1.0,8.26388888888889,7.0
2024,mid-senior,0.41117451256260334,0.3046922891034072,1.0731788744231676,0.9954375846183878,0.046149875055085963,0.0,0.25246009698014676,0.0,0.10527213955241223,0.0,0.7384458888962089,0.6522093765439858,0.021064794240511955,0.0,0.014132077148697894,0.0,0.010843480579504045,0.0,3.0516398542351792,2.0,0.8019731579415164,0.0,6.157700547488693,5.0
2026,director,0.44381519830931915,0.368052999631947,1.0534585217624304,1.0003334444814937,0.1607210556849173,0.0,0.33916964859256615,0.3310162197947699,0.2019944225689026,0.19040365575019041,0.7036879126825464,0.5937067088858105,0.23076923076923078,0.0,0.19230769230769232,0.0,0.07692307692307693,0.0,4.480769230769231,4.0,0.6538461538461539,0.0,6.325,6.0
2026,mid-senior,0.4219235337397516,0.36886762672936463,1.1596645951061284,1.0810810810810811,0.14772923818167538,0.0,0.4170508842230939,0.35906758464196387,0.1488821107021244,0.0,0.7540625633989563,0.6939625260235948,0.18338503964150293,0.0,0.16787314719062393,0.0,0.04446742502585315,0.0,3.537400896242675,3.0,0.687693898655636,0.0,5.725339366515837,5.0
