k,silhouette,inertia
3,0.5540483244164491,84997.92247660237
4,0.40377577440390183,68067.08196762686
5,0.37865177637188563,56005.79700875683
