period_group,seniority_final,management_strict_density,orchestration_strict_density,strategic_strict_density
2024,director,0.3822535254046661,0.06778158125787119,0.1893614942574147
2024,mid-senior,0.41117451256260334,0.046149875055085963,0.10527213955241223
2026,director,0.44381519830931915,0.1607210556849173,0.2019944225689026
2026,mid-senior,0.4219235337397516,0.14772923818167538,0.1488821107021244
