period_group,ai_any,management_strict_density,orchestration_strict_density,strategic_strict_density,management_broad_density,orchestration_broad_density,strategic_broad_density
2024,0,0.377748479741842,0.029138225126909435,0.07235476229159235,0.7825532294015547,0.1707179486877523,0.5184301500636265
2024,1,0.3543314620331601,0.09341539253715962,0.08311213157612166,0.7411143547592347,0.18488089472726835,0.4820513061908467
2026,0,0.3814765953650347,0.061738846915390944,0.0927359732988422,0.7642575388323457,0.24663244603026976,0.4929437240069461
2026,1,0.3718928359437142,0.22648121700830692,0.10366463499190462,0.7300344968158752,0.33155905499999133,0.4764116087866002
