group,n,summary_median_prop,summary_median_chars,responsibilities_median_prop,responsibilities_median_chars,requirements_median_prop,requirements_median_chars,preferred_median_prop,preferred_median_chars,benefits_median_prop,benefits_median_chars,about_company_median_prop,about_company_median_chars,legal_median_prop,legal_median_chars,unclassified_median_prop,unclassified_median_chars
combined_entry_2024,325,0.0,0.0,0.1386687797147385,196.0,0.3448616600790514,547.0,0.0,0.0,0.0,0.0,0.0,0.0,0.0,0.0,0.05176132278936017,53.0
combined_entry_2026,420,0.09017027818258591,166.0,0.23275583991734383,513.0,0.2431893687707641,487.5,0.0,0.0,0.0,0.0,0.0,0.0,0.0,0.0,0.0,0.0
yoe_entry_2024,2047,0.0,0.0,0.23443579766536965,464.0,0.2314574994113492,495.0,0.0,0.0,0.0,0.0,0.0,0.0,0.0,0.0,0.16473701620906384,235.0
yoe_entry_2026,4022,0.13253202725353003,485.0,0.22111304648513275,709.5,0.17496200643413795,617.5,0.06600831600831601,210.0,0.0,0.0,0.0,0.0,0.0,0.0,0.0,0.0
combined_mid_2024,7707,0.0,0.0,0.21969322117763485,418.0,0.21665319320937754,426.0,0.0,0.0,0.0,0.0,0.0,0.0,0.0,0.0,0.10533076429030186,161.0
combined_mid_2026,3639,0.15378289473684212,410.0,0.2869770182675309,692.0,0.2350131358968235,591.0,0.0,0.0,0.0,0.0,0.0,0.0,0.0,0.0,0.0,0.0
