period,n,median_total,summary_median,summary_mean,responsibilities_median,responsibilities_mean,requirements_median,requirements_mean,preferred_median,preferred_mean,benefits_median,benefits_mean,about_company_median,about_company_mean,legal_median,legal_mean,unclassified_median,unclassified_mean
2024,28232,2017.0,0.0,407.371953811278,365.0,545.4729385094928,393.0,533.2098328138283,0.0,109.48076650609238,0.0,28.565988948710682,0.0,33.455936525928024,0.0,7.697683479739303,227.0,556.3808090110513
2026,35062,3648.0,429.0,777.6029034282129,784.0,1008.2776795391021,634.0,853.1062403741943,0.0,374.8239974901603,0.0,310.202526952256,0.0,380.91877246021335,0.0,59.19933261080372,0.0,113.11057555187952
