section,median_2024,median_2026,delta_median,mean_2024,mean_2026,delta_mean,share_of_growth_mean
summary,0.0,429.0,429.0,407.371953811278,777.6029034282129,370.23094961693494,0.2236226028719471
responsibilities,365.0,784.0,419.0,545.4729385094928,1008.2776795391021,462.8047410296093,0.2795379503458581
requirements,393.0,634.0,241.0,533.2098328138283,853.1062403741943,319.896407560366,0.19322011674618272
preferred,0.0,0.0,0.0,109.48076650609238,374.8239974901603,265.34323098406793,0.16026953994122645
benefits,0.0,0.0,0.0,28.565988948710682,310.202526952256,281.6365380035453,0.17011083421675136
about_company,0.0,0.0,0.0,33.455936525928024,380.91877246021335,347.4628359342853,0.2098704709946244
legal,0.0,0.0,0.0,7.697683479739303,59.19933261080372,51.50164913106442,0.031107428600452087
unclassified,227.0,0.0,-227.0,556.3808090110513,113.11057555187952,-443.2702334591718,-0.2677389437170422
