source_a,source_b,n,industry_categories,chi2,dof,p_value,cramers_v
arshkon,scraped_linkedin,45524,1656,3888.0927531369007,1655,1.129731305496151e-180,0.2922456806373282
