metric,source_a,source_b,n,columns,chi2,dof,p_value,cramers_v
seniority_final,arshkon,asaniczka,14013,4,274.53465246224397,3,3.2238119025293977e-59,0.13996937520255592
seniority_final,arshkon,scraped_linkedin,21307,4,26.231506344253685,3,8.530048556925046e-06,0.03508734138574701
seniority_final,asaniczka,scraped_linkedin,30786,4,433.3035491618546,3,1.3510294928358137e-93,0.11863681822765614
