source,total_swe,unknown_seniority,unknown_share
arshkon,4691,2424,0.5167341718183757
asaniczka,18129,6383,0.35208781510287385
scraped_linkedin,40881,21841,0.5342579682493089
