tool,posting_rate_2026,worker_rate,gap_pp,ratio,note
copilot,0.03771923387392676,0.5486320000000001,-51.09127661260734,0.06875142877908462,GitHub Copilot (67.9% among AI-users × 80.8% any-use = 54.9%)
chatgpt,0.0061153102908441575,0.660136,-65.40206897091558,0.009263712766527137,ChatGPT (81.7% among AI-users × 80.8% any-use = 66.0%)
claude_tool,0.03365866784080624,0.329664,-29.600533215919377,0.10209991943556543,Claude Code (40.8% among AI-users × 80.8% any-use = 33.0%)
cursor_tool,0.01907976810743377,,,,Cursor — no reliable benchmark
