period,n,n_llm_text,narrow_ai_rate,broad_ai_rate_full,broad_ai_rate_llm_subset,broad_ai_rate,ai_tool_rate,ai_domain_rate,ai_generic_rate,copilot_rate,cursor_rate,claude_rate,chatgpt_rate,llm_rate,ml_rate,rag_rate,langchain_rate,agents_rate
2024,22820,21688,0.05961822205828108,0.05127081507449606,0.051410918480265584,0.05127081507449606,0.0010955302366345311,0.03904469763365469,0.020245398773006136,0.0006134969325153375,4.3821209465381244e-05,0.00013146362839614373,0.00030674846625766873,0.009027169149868536,0.025766871165644172,0.0008764241893076249,0.0010517090271691498,0.006134969325153374
2026,40881,12483,0.346310982936794,0.28612313788801647,0.2669230153008091,0.28612313788801647,0.06868716518676157,0.12773660135515277,0.20332183654998653,0.03771923387392676,0.01907976810743377,0.03365866784080624,0.0061153102908441575,0.11088280619358626,0.10559917810229691,0.0499253932144517,0.030992392553998188,0.1269538416379247
