period,seniority,n,narrow_ai_rate,broad_ai_rate,ai_tool_rate,ai_domain_rate,ai_generic_rate
2024,entry,379,0.07180851063829788,0.0633245382585752,0.002638522427440633,0.047493403693931395,0.023746701846965697
2024,mid-senior,13490,0.063387463716953,0.052335063009636765,0.0008895478131949593,0.04091919940696812,0.0206819866567828
2026,entry,1275,0.31795716639209226,0.2909803921568627,0.06352941176470588,0.1811764705882353,0.1796078431372549
2026,mid-senior,17418,0.3739689871329594,0.31203352853370075,0.0752669652084051,0.14037202893558387,0.2213227695487427
