metric,r_2024,r_2026,delta_pp,ratio_2026_over_2024
narrow_ai_posting,0.05961822205828108,0.346310982936794,28.66927608785129,5.8088109806134485
broad_ai_posting,0.05127081507449606,0.28612313788801647,23.48523228135204,5.580623937268833
ai_tool_posting,0.0010955302366345311,0.06868716518676157,6.759163495012705,62.697644382475964
ai_domain_posting,0.03904469763365469,0.12773660135515277,8.86919037214981,3.2715479718569993
ai_generic_posting,0.020245398773006136,0.20332183654998653,18.30764377769804,10.042866472014486
worker_any_use (StackOverflow 2024 pro → 2025 pro any),0.632,0.808,17.600000000000005,1.278481012658228
worker_daily_use (StackOverflow 2025 daily only),,0.506,,
