period,n_postings,requirements_found_rate,yoe_parse_rate,stage5_fallback_rate,msphd_rate,tech_nonnull_rate,scope_rate,ai_rate
2024-01,22043,0.7875516036837091,0.3423308986979994,0.34187723994011704,0.008710248151340562,1.0,0.013473665109104931,0.0057161003493172435
2024-04,4639,0.44319896529424446,0.39448156930372924,0.39189480491485235,0.0034490191851692174,1.0,0.010347057555507652,0.011856003449019185
2026-03,4318,0.8089393237610004,0.16072255673923114,0.1604909680407596,0.004400185270958777,1.0,0.03450671607225567,0.13849004168596574
