period,n_postings,median_yoe,pct_msphd,median_tech_count,median_tech_density_per_1k,pct_scope_language,pct_ai_tool,median_req_len
2024-04,773,3.0,0.00129366106080207,1.0,0.47551117451260105,0.015523932729624839,0.00646830530401035,1645.0
2026-03,561,2.0,0.008912655971479501,1.0,0.7037297677691766,0.017825311942959002,0.11764705882352941,1482.0
