slice,n_total,n_unknown,pct_unknown,entry_of_all,entry_of_known
arshkon_only_2024,4691,2424,0.5167341718183757,0.03730547857599659,0.07719453021614468
scraped_2026,40881,21841,0.5342579682493089,0.031188082483305204,0.06696428571428571
