section,mean_2024,mean_2026,delta,share_of_growth_pct
role_summary,574.4,706.2,131.80000000000007,34.784903668514175
responsibilities,553.8,717.2,163.4000000000001,43.12483504882561
requirements,553.3,536.6,-16.699999999999932,-4.407495381367101
preferred,54.9,172.3,117.4,30.984428609131726
benefits,1.2,2.8,1.5999999999999999,0.42227500659804734
about_company,0.8,6.5,5.7,1.5043547110055437
legal,0.2,0.3,0.09999999999999998,0.026392187912377955
unclassified,522.7,498.2,-24.500000000000057,-6.466086038532616
TOTAL,2261.3,2640.2,378.89999999999964,100.0
