tech,share_2024,share_2026,arshkon_2024,asaniczka_2024,within_2024,cross_period,snr
claude_tool,0.00013146362839614373,0.03365866784080624,0.00021317416329140907,0.00011032048099729714,0.00010285368229411193,0.033527204212410094,325.9698968923491
copilot,0.0006134969325153375,0.03771923387392676,0.0012790449797484545,0.00044128192398918857,0.000837763055759266,0.03710573694141142,44.291445757037394
langchain,0.0010517090271691498,0.030992392553998188,0.0017053933063312726,0.0008825638479783771,0.0008228294583528954,0.029940683526829038,36.38747157492758
agents_framework,0.006134969325153374,0.1269538416379247,0.00682157322532509,0.005957305973854046,0.0008642672514710438,0.12081887231277132,139.79341703290166
embedding,0.0015337423312883436,0.028203811061373252,0.0017053933063312726,0.0014893264934635116,0.00021606681286776095,0.026670068730084907,123.43435984501586
ai_any,0.05013146362839614,0.28570729678823903,0.06416542315071413,0.04650008274036075,0.017665340410353385,0.23557583315984287,13.335482231736417
