new_entrant_vs_2024,companies,postings,aggregator_share,yoe_known_n,llm_text_n,j1_entry_share,j3_low_yoe_share,unknown_seniority_share,broad_ai_share,ai_tool_strict_share,tech_count_mean,platform_tech_count_mean,requirement_breadth_mean_llm,org_scope_count_mean_llm,share_of_scraped_postings
False,2024,22564,0.13929267860308456,15939,6772,0.02969331678780358,0.19097810402158227,0.5192784967204397,0.222832831058323,0.18897358624357383,7.243751107959581,2.536208119127814,9.37994683992912,0.8461311281748376,0.5519434456104303
True,5916,18317,0.19965059780531746,11642,5762,0.03302942621608342,0.14585122831128672,0.5527105967134356,0.2543538789103019,0.21788502484031227,7.282742807228258,2.489053884369711,9.394481082957306,0.8837209302325582,0.4480565543895697
