spec,metric,aggregator_excluded,companies_in_pool,companies_used,left_group,right_group,left_weighted_value,right_weighted_value,total_change,within_company_component,between_company_reweighting_component,residual,within_share_of_abs_components
arshkon_only,j1_entry_share,False,240,240,arshkon,scraped_2026,0.03459821428571428,0.030176537090181758,-0.004421677195532523,-0.009470431318148466,0.005048754122615934,8.673617379884035e-18,0.6522701536381693
arshkon_only,j3_low_yoe_share,False,240,222,arshkon,scraped_2026,0.14421416234887735,0.2104946443615357,0.06628048201265835,0.005620971575775775,0.060659510436882544,2.7755575615628914e-17,0.08480583431336959
arshkon_only,broad_ai_share,False,240,240,arshkon,scraped_2026,0.037388392857142856,0.23228106791894948,0.19489267506180663,0.17730676075782395,0.017585914303982673,6.938893903907228e-18,0.9097661607938542
arshkon_only,ai_tool_strict_share,False,240,240,arshkon,scraped_2026,0.02232142857142857,0.19801721888859902,0.17569579031717045,0.1615536556736647,0.014142134643505729,2.0816681711721685e-17,0.9195078344337335
arshkon_only,raw_description_length_mean,False,240,240,arshkon,scraped_2026,3472.6356026785716,5320.048612922863,1847.4130102442914,934.7473384698101,912.6656717744816,-2.2737367544323206e-13,0.5059763752265685
arshkon_only,requirement_breadth_mean_llm,False,240,223,arshkon,scraped_2026,7.342457775189284,9.249927346701542,1.9074695715122578,2.2348008630315643,-0.3273312915193075,9.992007221626409e-16,0.8722426199062762
arshkon_only,tech_count_mean,False,240,240,arshkon,scraped_2026,5.453125,7.188799026002262,1.735674026002262,2.059328009290314,-0.32365398328805306,9.992007221626409e-16,0.8641811040553177
arshkon_only,platform_tech_count_mean,False,240,240,arshkon,scraped_2026,2.008928571428571,2.4695190886164013,0.4605905171878302,0.6360986635456976,-0.17550814635786738,0.0,0.7837522502075589
