spec,metric,aggregator_excluded,companies_in_pool,companies_used,left_group,right_group,left_weighted_value,right_weighted_value,total_change,within_company_component,between_company_reweighting_component,residual,within_share_of_abs_components
pooled_2024,j1_entry_share,False,589,589,2024,2026,0.015966470412134517,0.031114327062228657,0.01514785665009414,0.009611766612190481,0.005536090037903656,1.734723475976807e-18,0.6345298106666958
pooled_2024,j3_low_yoe_share,False,589,544,2024,2026,0.1018599244405696,0.20685224839400426,0.10499232395343466,0.048354363287905,0.056637960665529674,-1.3877787807814457e-17,0.46055141430482793
pooled_2024,broad_ai_share,False,589,589,2024,2026,0.03592455842730266,0.22214182344428363,0.18621726501698097,0.1563710969215906,0.029846168095390396,-2.7755575615628914e-17,0.8397239477624765
pooled_2024,ai_tool_strict_share,False,589,589,2024,2026,0.018960183614409737,0.1875904486251809,0.16863026501077116,0.1439050495632001,0.024725215447571065,-6.938893903907228e-18,0.8533761691829652
pooled_2024,raw_description_length_mean,False,589,589,2024,2026,4151.993314040515,5225.4172093584175,1073.4238953179029,796.097530093218,277.32636522468465,2.2737367544323206e-13,0.741643197590126
pooled_2024,requirement_breadth_mean_llm,False,589,526,2024,2026,7.193294601791334,9.168580060422961,1.9752854586316273,2.1793823607527307,-0.20409690212110387,4.440892098500626e-16,0.914370179216488
pooled_2024,tech_count_mean,False,589,589,2024,2026,5.209959085919568,7.118970091654607,1.9090110057350387,2.293905615876004,-0.3848946101409657,3.3306690738754696e-16,0.8563182851775197
pooled_2024,platform_tech_count_mean,False,589,589,2024,2026,1.9172737251771281,2.4839001447178,0.566626419540672,0.9202909951367422,-0.3536645755960698,-3.3306690738754696e-16,0.7223886109366963
