period,pct_python,pct_java,pct_javascript,pct_typescript,pct_cpp,pct_csharp,pct_go_lang,pct_rust,pct_ruby,pct_php,pct_scala,pct_kotlin,pct_swift,pct_react,pct_angular,pct_vue,pct_node,pct_django,pct_flask,pct_spring,pct_dotnet,pct_aws,pct_azure,pct_gcp,pct_kubernetes,pct_docker,pct_terraform,pct_linux,pct_postgres,pct_mysql,pct_mongodb,pct_redis,pct_sql,pct_pytorch,pct_tensorflow,pct_langchain,pct_git,pct_kafka,pct_graphql
2024,35.97690563899121,29.675545480306038,20.572400113346557,9.715925191272316,15.939359591952396,11.469254746387078,10.913148200623406,1.5124681212808162,3.102862000566733,2.3909039387928592,5.42646642108246,2.369651459336923,1.8064607537546045,14.278124114480024,9.868234627373193,2.5148767356191555,8.3593085860017,1.0838764522527629,0.8146783791442335,6.977897421365826,8.649759138566166,30.196231226976483,22.091952394446018,9.223576083876452,17.01260980447719,16.081042788325306,7.367526211391329,17.19325587985265,6.2482289600453385,5.918815528478323,4.919948994049306,2.7274015301785206,29.813686596769625,1.8985548313969962,2.309436100878436,0.12043071691697366,17.47662227259847,6.949560782091243,2.3129781807877587
2026,50.812845815983124,29.89846557526667,16.690434088186638,14.534253607894588,19.12897153613599,11.348468427357252,10.227596828475273,4.115566710398722,2.3900519080485996,1.106611145969996,3.6620843077976155,3.907364097883749,2.6638526039587016,18.68404540528207,8.613313558838628,3.068849466659061,7.1473389994866245,1.6485083566254066,1.1921738634419028,8.921339341737495,6.57121670184245,36.441161371285155,24.830300610347383,13.561690719297244,22.254862814442987,18.384575894130396,12.60909246477668,14.682562318179226,9.754149791797387,4.942672979293823,4.780103816097199,3.3426501625691634,24.89019451257772,5.313444755005419,4.129827163310706,3.63071131139125,23.23598197478752,9.406194740744967,4.289544235924933
