k,silhouette,chosen_k
3,0.11891260624008318,4
4,0.12599779770063121,4
5,0.11384448646655834,4
6,0.11835739471115524,4
