delta_entry_final_share,delta_entry_yoe_share,delta_ai_any_share,delta_scope_any_share,delta_clean_len_mean,delta_tech_count_mean,delta_requirement_breadth_mean,delta_stack_depth_mean,delta_ai_domain_share,delta_domain_entropy,cluster_id,mean_delta_entry_final_share,mean_delta_entry_yoe_share,mean_delta_ai_any_share,mean_delta_scope_any_share,mean_delta_clean_len_mean,mean_delta_tech_count_mean,mean_delta_requirement_breadth_mean,mean_delta_stack_depth_mean,mean_delta_ai_domain_share,mean_delta_domain_entropy,size,cluster_name
-0.5504377489116529,-0.2739075558973412,-0.11356852374651896,-0.30109797181395576,0.9827266387541616,-0.4959717225505772,-0.5113403445755996,-0.3009658076716588,-0.5642428367995256,-0.6297514783734136,1,-0.08101142113874317,-0.04058202407843713,0.1067214821549948,0.09593451760930236,997.4433883192743,0.15416914444472501,0.5132785553288569,0.21329966911293663,0.01608099203739086,-0.17344632047828548,52,template inflation / text-heavy
0.019674279739103698,0.12060768162634579,-0.20269996580958344,0.2629676297738015,-0.12295809916191447,0.46559997469166703,0.47221567011387305,0.3810798868749562,-0.1455496025442753,0.09284710721568708,2,-0.010985559437349787,0.026494896253124293,0.09183036972355296,0.2498551447575877,503.744667129576,2.1675598537863654,2.8399703607235085,0.6295523224948486,0.0715670638970267,0.05347983515469609,100,stack expansion
0.0992961098777653,-0.2769734281596993,1.4656525512449439,0.28960530626752634,0.09218441948943037,0.6830011024573387,0.8380055343068262,0.6267483208464729,1.4700365587835338,0.250372517559752,3,-0.0012057495306949592,-0.0411032948683305,0.3705605723512632,0.25712395863339604,599.8078420015455,2.622766066801106,3.705279775544044,0.779483827539829,0.28566780044778467,0.10294939750478568,36,AI-forward recomposition
0.47103418395706204,0.24802996240359926,-0.5426108577355234,-0.4299073360956204,-0.8596860081764186,-0.925663420102058,-1.036736088336772,-0.918789923245762,-0.18419853771845673,0.2948766432999535,4,0.04445418686150066,0.048159697414697944,0.03504175292142037,0.06078538233674283,174.7886690294844,-0.7455425195035537,-0.7295931808419533,-0.16375853899144302,0.06644522905728413,0.1169255529601654,49,entry-heavy compact
