metric,r_pooled,r_2024,r_2026
requirement_breadth,0.45442064973195123,0.4301703411864634,0.4136501846818696
credential_stack_depth,0.4766683835671907,0.6148737342919508,0.4013187542821662
tech_count,0.2291922909049829,0.15754098281028092,0.20004253535492883
scope_density,0.0017605345225603804,0.06578827146451836,-0.08464357354145183
mgmt_strong_density,0.00796129511694654,0.04912030688316734,0.004280495189898253
mgmt_broad_density,0.01886443147050396,0.1045028470886582,-0.00801869251549863
ai_binary,0.12214430922902204,0.020905992102242203,0.07879984046681808
