period,n_junior,n_senior,tfidf_cos_junior_senior
2024,409,2000,0.9497196775200655
2026,1066,2000,0.8712780267726764
