term,cleaned_2024_share,cleaned_2024_n,cleaned_2026_share,cleaned_2026_n,denom_2024,denom_2026,ratio_share,ratio_count
rag,0.000880514220304658,20,0.05182484613273747,1322,22714,25509,58.85747775294994,66.1
multimodal,0.001320771330456987,30,0.01619036418518954,413,22714,25509,12.258264403413172,13.766666666666667
mcp,0.0009245399313198908,21,0.020580971421851113,525,22714,25509,22.260770708377436,25.0
multi-agent,0.000880514220304658,20,0.01705280489239092,435,22714,25509,19.366870516288365,21.75
llm,0.009905784978427402,225,0.12666117840762084,3231,22714,25509,12.786586694891998,14.36
agent,0.00532711103284318,121,0.06448704378846681,1645,22714,25509,12.105443905877976,13.59504132231405
embeddings,0.0007924627982741922,18,0.017170410443372926,438,22714,25509,21.667150156154033,24.333333333333332
fine-tuning,0.009025270758122744,205,0.028852561840918892,736,22714,25509,3.1968638519738133,3.5902439024390245
