cut,period,n,breadth_raw,breadth_resid_v1,breadth_resid_t11,desc_length_mean
J3 (YOE<=2),2024,1667,9.896820635872825,-1.4682068433922402,-1.4687731815894853,2406.4535092981405
J3 (YOE<=2),2026,2911,12.122294744074201,0.09467015762098936,0.09419951727905358,2722.377533493645
S4 (YOE>=5),2024,12894,10.9841011323096,-0.4183565936619467,-0.4188555522554695,2440.7320459128277
S4 (YOE>=5),2026,12959,14.312292615170923,2.183401478834038,2.183077688592377,2869.896905625434
