metric,value,p_value,n_mapped_techs
spearman_r,0.6885212123775003,8.490252480216915e-25,167
