metric,entry_2024,entry_2026,pp_change,z_stat,p_value
has_soft_skills,0.7144578313253012,0.875268817204301,0.1608109858789999,11.35573810890927,0.0
has_scope_terms,0.36987951807228914,0.4817204301075269,0.11184091203523777,5.771842878402778,7.840921245616528e-09
has_mgmt_terms,0.09397590361445783,0.4076804915514593,0.31370458793700146,16.98344871971053,0.0
has_ai_req,0.03855421686746988,0.2752688172043011,0.2367146003368312,14.528619157974406,0.0
has_education,0.6481927710843374,0.6737327188940092,0.025539947809671837,1.3952768746579962,0.16293236283157464
has_yoe,0.5734939759036145,0.32749615975422425,-0.24599781614939026,-13.050479169452574,0.0
