comparison_group,rows,junior_title_cue_rows,senior_title_cue_rows,yoe_known_rows,yoe_mean,yoe_p25,yoe_median,yoe_p75,yoe_le_2_rows,yoe_le_3_rows,yoe_ge_5_rows,junior_title_cue_share,senior_title_cue_share,yoe_known_share,yoe_le_2_share_known,yoe_le_3_share_known,yoe_ge_5_share_known
asaniczka_associate,1820,57.0,558.0,1257,4.513126491646778,3.0,4.0,5.0,276.0,538.0,603.0,0.03131868131868132,0.3065934065934066,0.6906593406593406,0.21957040572792363,0.42800318217979316,0.4797136038186158
arshkon_entry,738,45.0,20.0,458,4.179039301310044,2.0,3.0,5.0,131.0,232.0,195.0,0.06097560975609756,0.02710027100271003,0.6205962059620597,0.28602620087336245,0.5065502183406113,0.425764192139738
arshkon_associate,263,11.0,52.0,149,3.8926174496644297,2.0,3.0,5.0,44.0,85.0,48.0,0.04182509505703422,0.19771863117870722,0.5665399239543726,0.2953020134228188,0.5704697986577181,0.3221476510067114
arshkon_mid_senior,2231,16.0,1292.0,1477,5.606635071090047,4.0,5.0,7.0,121.0,324.0,1015.0,0.007171671896010758,0.5791125056028686,0.662034961900493,0.08192281651997292,0.21936357481381177,0.6872037914691943
