period,ai_tool_rate,any_ai_rate,benchmark_50pct,benchmark_65pct,benchmark_75pct,benchmark_85pct
2024-01,0.34281027013251786,0.3874792940876656,0.5,0.65,0.75,0.85
2024-04,0.11697722567287784,0.2439613526570048,0.5,0.65,0.75,0.85
2026-03,0.31561091805012237,0.41681063679922925,0.5,0.65,0.75,0.85
2026-04,0.33322398429217015,0.4770493407844307,0.5,0.65,0.75,0.85
