,mean_across_days,std_across_days,cv,min,max,range
ai_strict_binary,0.018600849754658616,0.026806763587377932,1.4411580084218534,0.0,0.1,0.1
ai_broad_binary,0.1804894076946614,0.07855051373034934,0.4352084409476,0.10891089108910891,0.4,0.2910891089108911
desc_len_chars,3404.39800711313,734.6896892137692,0.21580605078451834,2594.5162790697673,5148.266666666666,2553.750387596899
tech_count,4.8984214086154,0.6761572591638774,0.1380357471847245,4.133333333333334,6.9,2.7666666666666666
org_scope_count,1.2901555538065481,0.21901747294641308,0.1697605163193008,0.9801980198019802,1.8666666666666667,0.8864686468646865
requirement_breadth,8.697500564114579,0.6790479225350196,0.07807391531961894,7.8316831683168315,10.4,2.568316831683169
