,mean,std,min,max,cv,range
ai_strict,0.1433282667797429,0.019888780554533997,0.09846547314578005,0.1851512373968836,0.13876383913228868,0.08668576425110355
ai_broad,0.5212007778212238,0.03904305622449379,0.46830171217029154,0.6170731707317073,0.07490981956647404,0.14877145856141577
J2_share,0.03719740524720351,0.02018573800552289,0.012195121951219513,0.11092985318107668,0.5426652174089602,0.09873473122985717
S1_share,0.45183153387289043,0.056719682645308335,0.349375,0.580168776371308,0.12553281122088472,0.23079377637130805
desc_len,5010.585194654587,385.3069640802604,4399.597402597403,6065.1841432225065,0.0768985954956549,1665.5867406251036
tech_count,6.03798568301128,0.35848105795380775,5.180645161290323,6.455172413793103,0.05937096852721007,1.2745272525027804
requirement_breadth,11.842122765319612,0.42901793150132594,10.67741935483871,12.48121212121212,0.03622812733859942,1.8037927663734106
