spec,period_group,occ,n,text_labeled_n,class_labeled_n,entry_final_share,yoe_le2_share,yoe_le3_share,junior_3level_share,mid_3level_share,senior_3level_share,unknown_3level_share,ai_tool_share,scope_any_share,analysis_text_mean_len,analysis_text_median_len,raw_desc_mean_len,raw_desc_median_len,mean_yoe,median_yoe,tech_count
cleaned_labeled,2024,adjacent,11220,11220,5782,0.01889483065953654,0.09670231729055258,0.210427807486631,0.01889483065953654,0.002049910873440285,0.5829768270944742,0.396078431372549,0.024509803921568627,0.33645276292335113,2565.6288770053475,2384.521212121212,3884.6016934046347,3598.313992869875,5.582520014797489,5.0,2.3555258467023172
cleaned_labeled,2024,control,24527,24527,8742,0.06531577445264403,0.28340196518122884,0.3682064663432136,0.06531577445264403,0.002527826476943776,0.2699881762955111,0.6621682227749012,0.012516818200350634,0.11387450564683818,2093.665389162963,1694.6854894605945,3571.0435030782405,3095.9815305581606,2.8712751131806464,2.0,0.10955273779916011
cleaned_labeled,2024,swe,20213,20213,5239,0.01602928808192747,0.07905803195962995,0.1792905555830406,0.01602928808192747,0.0011378815613713946,0.5600356206401821,0.4227972097165191,0.019838717656953445,0.33433928659773415,2224.7635680007916,2061.43526443378,3722.3685746796614,3525.4903280067283,5.631787076994682,5.0,4.74452085291644
cleaned_labeled,2026,adjacent,7078,7078,4704,0.04605820853348404,0.11712348120938118,0.2305736083639446,0.04605820853348404,0.0064990110200621645,0.4892625035320712,0.45818027691438257,0.18140717716869173,0.5433738344165019,3008.853489686352,2852.004379768296,5216.864792314213,5136.22845436564,5.247441773316741,5.0,3.806159932184233
cleaned_labeled,2026,control,5474,5474,4278,0.10358056265984655,0.24990865911582025,0.3383266350018268,0.10358056265984655,0.003653635367190354,0.30142491779320424,0.5913408841797588,0.014066496163682864,0.22141030325173547,2364.9245524296675,1992.0867738399709,4513.036353671903,4130.152721958349,3.4596212127346084,3.0,0.1567409572524662
cleaned_labeled,2026,swe,5942,5942,3195,0.04779535509929317,0.11578593066307641,0.23981824301581958,0.04779535509929317,0.004712218108381017,0.4956243688993605,0.45186805789296536,0.20380343318747896,0.5429148434870414,2644.4957926624033,2507.1765398855605,5086.047122181084,5057.015819589364,4.999775300127538,5.0,5.7271962302255135
