metric,within_arshkon_delta,within_scraped_delta,cross_period_delta,cross_over_within_arshkon,cross_over_within_scraped
ai_broad,-0.01737235717498875,0.014142169625479428,0.3489756530659923,20.087985156580704,24.67624574642746
ai_narrow,-0.02186679974508922,0.019550147447477684,0.3461560244128714,15.830209653363205,17.706056966722862
copilot,-0.00017267393912130755,0.004785998790386069,0.038770983811878074,224.53292030733448,8.100918013134425
desc_len,-20.23747024478962,-117.45881336783623,1606.3751820794205,79.37628382643335,13.676071944034252
entry_share,7.942532613584852e-05,-0.0071310169873486685,-0.006117396092691383,77.02072361941872,0.8578574561727201
yoe_le2,-0.000235464462438148,-0.005131184091161284,0.02305127040167762,97.89702515186447,4.4923881100630485
