metric,asaniczka,arshkon,scraped,delta_asa_to_ars_abs,rate_within_2024_per_year,delta_ars_to_scr_abs,rate_cross_ars_to_scr_per_year,delta_asa_to_scr_abs,rate_asa_to_scr_per_year,acceleration_cross_over_within,years_within_2024,years_cross_ars_to_scr
ai_broad,0.154448673396216,0.16776806651033896,0.5167437195763313,0.013319393114122946,0.05466189140374614,0.3489756530659923,0.1772786610324808,0.3622950461801152,0.16377260596198895,3.243185635913275,0.243668720054757,1.9685147159479808
ai_narrow,0.08417452700093772,0.09806011511404818,0.4442161395269196,0.013885588113110456,0.056985517509141506,0.3461560244128714,0.17584629751989053,0.3600416125259819,0.16275395912761742,3.0858068015558797,0.243668720054757,1.9685147159479808
copilot,0.00077224336698108,0.0014922191430398635,0.040263202954917934,0.0007199757760587835,0.0029547320472524796,0.038770983811878074,0.019695551929469354,0.03949095958793685,0.01785157548204695,6.665765834091007,0.243668720054757,1.9685147159479808
claude_tool,0.00016548072149594572,0.00021317416329140907,0.035224187275262345,4.769344179546335e-05,0.00019573066984037067,0.03501101311197093,0.01778549727280582,0.035058706553766396,0.01584801060490492,90.86719668057587,0.243668720054757,1.9685147159479808
desc_len_mean,3881.4461911853937,3305.6418674056704,4912.017049485091,-575.8043237797233,-2363.0621265229656,1606.3751820794205,816.0341241370074,1030.5708582996972,465.86139355688664,-0.3453291028525469,0.243668720054757,1.9685147159479808
desc_len_median,3733.0,2974.0,4862.0,-759.0,-3114.8848314606744,1888.0,959.0987482614743,1129.0,510.35550742574253,-0.3079082534848393,0.243668720054757,1.9685147159479808
scope_any,0.2101053560593524,0.23854188872308676,0.3903035640028375,0.02843653266373436,0.11670161298234803,0.15176167527975074,0.07709450889558965,0.1801982079434851,0.08145717258831427,0.6606121965705029,0.243668720054757,1.9685147159479808
entry_share_all,0.01125268906172431,0.03730547857599659,0.031188082483305204,0.026052789514272277,0.106918891798741,-0.006117396092691383,-0.0031076201986864086,0.019935393421580894,0.009011636692119334,-0.029065211455203296,0.243668720054757,1.9685147159479808
yoe_le2_share,0.0733631198632026,0.09294393519505435,0.11599520559673197,0.019580815331851756,0.08035834606695341,0.02305127040167762,0.0117099812436895,0.042632085733529376,0.019271496675954954,0.14572202909618018,0.243668720054757,1.9685147159479808
