grp,n,jr_cue_rate,sr_cue_rate,yoe_present_rate,yoe_mean,yoe_median,yoe_p25,yoe_p75,yoe_le2_rate,yoe_le3_rate,yoe_ge5_rate
arshkon_associate,263,0.034220532319391636,0.011406844106463879,0.5665399239543726,3.8926174496644297,3.0,2.0,5.0,0.16730038022813687,0.3231939163498099,0.18250950570342206
arshkon_entry,738,0.018970189701897018,0.005420054200542005,0.6205962059620597,4.179039301310044,3.0,2.0,5.0,0.17750677506775067,0.3143631436314363,0.26422764227642276
arshkon_mid_senior,2231,0.0062752129090094125,0.02330793366203496,0.662034961900493,5.606635071090047,5.0,4.0,7.0,0.05423576871358135,0.14522635589421784,0.4549529359031824
asaniczka_associate,1820,0.02857142857142857,0.012087912087912088,0.6906593406593406,4.513126491646778,4.0,3.0,5.0,0.15164835164835164,0.2956043956043956,0.3313186813186813
asaniczka_mid_senior,16309,0.004292108651664725,0.02918633883132013,0.7098534551474646,5.937375831389825,5.0,4.0,8.0,0.06462689312649457,0.15880802011159484,0.4859280152063278
