metric,val_2024_01,val_2024_04,val_2026_03,within_2024_change,within_2024_annualized,cross_period_change,cross_period_annualized,full_span_annualized,acceleration_ratio
entry_share,0.0056003101710248564,0.20413182488932613,0.1448662601806934,0.19853151471830127,0.7941260588732051,-0.05926556470863273,-0.029632782354316364,0.06189597778207491,-0.037314960292781064
ai_prevalence,0.14767587127902468,0.12333134090456266,0.3905789582901017,-0.02434453037446202,-0.09737812149784808,0.26724761738553904,0.13362380869276952,0.10795692756047867,-1.3722159211679024
genai_prevalence,0.025416792314651274,0.028491731420601712,0.2315418136542851,0.003074939105950438,0.012299756423801753,0.2030500822336834,0.1015250411168417,0.09161112059539282,8.254231841565295
desc_length_median,2419.0,2504.0,4171.0,85.0,340.0,1667.0,833.5,778.6666666666666,2.4514705882352943
tech_count_avg,4.615258691250593,4.682008368200837,5.500020751193194,0.06674967695024403,0.2669987078009761,0.8180123829923573,0.4090061914961787,0.3932275821967117,1.5318658088827026
scope_density,0.27269202601990267,0.2914923291492329,0.4508819257107284,0.01880030312933023,0.07520121251732093,0.15938959656149548,0.07969479828074774,0.07919551097370031,1.0597541663625678
