dataset,n_states,nonzero_states,pearson_r
kaggle_arshkon,51,47,0.9902306420769079
kaggle_asaniczka,51,51,0.9917879497066819
scraped,51,30,0.9809067579064912
