feature,mean_arshkon,mean_asaniczka,within_2024_abs_gap
yoe_min_years_llm,6.246776084407972,6.482704091717731,0.23592800730975938
tech_count,6.241115609536662,5.7680295525144825,0.4730860570221793
ai_binary,0.015294646873594242,0.008731424733439677,0.0065632221401545655
scope_density,0.35314627610358496,0.298627915057413,0.05451836104617197
mgmt_strong_density,0.13757666723040043,0.14099681793624017,0.0034201507058397307
description_cleaned_length,2137.8398560503824,2430.8387205104527,292.9988644600703
education_level,0.8110661268556005,1.114683905633448,0.30361777877784757
requirement_breadth,11.064777327935223,10.842582486776928,0.22219484115829502
credential_stack_depth,4.038236617183985,4.2888086642599275,0.2505720470759423
