outcome,n,intercept,yoe_coef,yoe_se,period_2026_coef,period_2026_se,yoe_x_period_coef,yoe_x_period_se,yoe_x_period_p,yoe_x_period_ci_low,yoe_x_period_ci_high,log_len_coef,r2
ai_binary,38730,-0.26558608530376515,-0.00043662232198052396,0.00020779321341155344,0.12093364976795741,0.00496955069005493,0.0003575584684220287,0.000800463064997516,0.6550992441537674,-0.0012113491389731026,0.0019264660758171602,0.03630323903054115,0.06460528280746614
requirement_breadth,38730,-22.26548863964092,-0.040307704585557,0.012349449420869945,0.6813278837955726,0.12115923575701025,0.272565662768524,0.01958474763537836,4.977465067497935e-44,0.23417955740318241,0.3109517681338656,4.358799416331441,0.21899480934087456
scope_density,38730,0.11624805840232745,-0.004920956678893964,0.000903522379635751,0.10907683194283486,0.009410417513662008,0.008923580544291425,0.0014610954353584985,1.0122977119655334e-09,0.006059833490988768,0.011787327597594082,0.026847255600341794,0.036501026874274145
mgmt_strong_density,38730,0.06047274333724076,0.0038879587079545617,0.0005464072546647739,-0.050296446987570374,0.004479542066173261,0.008835494465456067,0.0007595986577020617,2.8406678875378083e-31,0.007346681096360027,0.010324307834552108,0.004706518129658235,0.016349134021453327
tech_count,38730,-5.791779720880191,-0.03968337965484233,0.011122437049062264,0.7546839134306689,0.10902844124750657,0.17653517686981451,0.01747760101600507,5.4875756834861955e-24,0.14227907887844457,0.21079127486118446,1.5263407563725226,0.06710556303929038
credential_stack_depth,38730,-4.096507743414745,-0.0007409435068909126,0.002372656544813138,0.13747036259630982,0.022053392275939773,0.017355215031516203,0.0033911342687990976,3.090872471479803e-07,0.010708591864669971,0.024001838198362435,1.1125290893710538,0.309102040235129
