min_topic_size,n_topics,noise_share
20,33,0.4144890038809832
30,20,0.38369987063389394
50,10,0.34592496765847347
