seed_pair,ari_nonnoise,n_nonnoise
0x1,0.1276493669975493,4749
0x2,0.12891001319453935,4758
1x2,0.9897711627640668,7435
