x,y,pearson,spearman,n
ai_strict_delta,j3_share_labeled_delta,-0.221893475296866,-0.14803418803418802,26
ai_strict_delta,scope_term_count_delta,0.28565942744826545,0.2676923076923077,26
ai_strict_delta,desc_length_median_delta,-0.3713013059696098,-0.40034188034188034,26
j3_share_labeled_delta,scope_term_count_delta,-0.25889011133102896,-0.3811965811965812,26
ai_strict_delta,tech_count_median_delta,0.06653579881554098,0.04669361306483166,26
