is_tech_hub,n_metros,j3_delta_mean,ai_strict_delta_mean,scope_delta_mean,desc_length_delta_mean,tech_count_delta_mean
False,21,0.040283707067670114,0.08612282727103468,0.5655312176028952,905.452380952381,1.9523809523809523
True,5,0.0661632608553385,0.09907768149574439,0.663419581380356,1036.2,2.2
