year,n,narrow_ai_rate,broad_ai_rate,ai_tool_rate,copilot_rate,cursor_tool_rate,claude_tool_rate,chatgpt_rate
2024,22820,0.06134969325153374,0.05013146362839614,0.0010517090271691498,0.0006134969325153375,4.3821209465381244e-05,0.00013146362839614373,0.00030674846625766873
2026,40881,0.4282184878060713,0.28570729678823903,0.06340353709547222,0.03771923387392676,0.01907976810743377,0.03365866784080624,0.0061153102908441575
