{
  "spearman_r": 0.9666989195291081,
  "spearman_p": 7.467336230150861e-32,
  "n_aligned": 53,
  "n_postings": 18114
}