seed_a,seed_b,ari,nmi
42,1337,0.7269237430917257,0.7904818860334344
42,2026,0.34403583321018705,0.676607590649347
1337,2026,0.39069441939363336,0.6976496762569481
