target_k,seed_a,seed_b,ari,nmi
30,42,1337,0.6302191366235921,0.6738399397667699
30,42,2026,0.33750937425560756,0.570722203780078
30,1337,2026,0.3448773574834165,0.5641255607914564
