period,occupation,seniority,n_joined,mean_tech_count,mean_breadth_resid,mean_scope_density,mean_credential_stack
2024-01,SWE,junior,238,4.432773109243698,-1.9484620258317464,0.29177840336862554,3.630252100840336
2024-01,SWE,senior,11633,5.79910599157569,-0.4797846909750504,0.29870648701484204,4.3039628642654515
2024-04,SWE,junior,177,5.005649717514125,-1.187404428369601,0.2517247072398928,3.4519774011299433
2024-04,SWE,senior,2030,6.36896551724138,0.4675467921054588,0.3625110597176374,4.093596059113301
2026-03,SWE,junior,636,6.520440251572327,-0.04880384716689571,0.3556908512733086,3.8553459119496853
2026-03,SWE,senior,5691,7.908627657705148,2.1559662731682896,0.5144823989995512,4.81549815498155
2026-04,SWE,junior,567,6.6948853615520285,0.16663480094941777,0.3709361274487117,4.031746031746032
2026-04,SWE,senior,6612,8.005898366606171,2.1799670910817737,0.5088815090577871,4.804446460980036
