period,tier,n,n_ai,period_total,volume_share,ai_rate
2024-01,big_tech,426,24.0,18129,0.02349826245242429,0.056338028169014086
2024-01,rest,17703,509.0,18129,0.9765017375475757,0.02875218889453765
2024-04,big_tech,143,14.0,4691,0.030483905350671497,0.0979020979020979
2024-04,rest,4548,196.0,4691,0.9695160946493285,0.04309586631486367
2026-03,big_tech,1423,545.0,19740,0.0720871327254306,0.38299367533380185
2026-03,rest,18317,4765.0,19740,0.9279128672745695,0.2601408527597314
2026-04,big_tech,1796,789.0,25577,0.07021933768620245,0.4393095768374165
2026-04,rest,23781,6398.0,25577,0.9297806623137975,0.26903830789285565
