period,tier,n,n_ai,ai_rate,period_total,volume_share
2024-01,big_tech,426,24.0,0.056338028169014086,18125,0.02350344827586207
2024-01,rest,17699,509.0,0.028758686931465053,18125,0.976496551724138
2024-04,big_tech,143,14.0,0.0979020979020979,4687,0.030509921058246212
2024-04,rest,4544,196.0,0.043133802816901406,4687,0.9694900789417538
2026-03,big_tech,865,345.0,0.3988439306358382,11810,0.07324301439458086
2026-03,rest,10945,2807.0,0.2564641388761992,11810,0.9267569856054191
2026-04,big_tech,986,434.0,0.44016227180527384,14012,0.07036825578075935
2026-04,rest,13026,3552.0,0.27268539843390144,14012,0.9296317442192407
