period,n_total,copilot_rate,cursor_rate,claude_rate,anthropic_rate,chatgpt_rate,openai_rate,gemini_rate,llama_rate,mistral_rate,gpt_rate
2024-01,18087,0.0004423066290706032,5.52883286338254e-05,0.0001105766572676508,0.0001658649859014762,0.0003870183004367778,0.0015480732017471113,0.0,0.0003870183004367778,5.52883286338254e-05,0.0014374965444794603
2024-04,4664,0.0015008576329331046,0.0,0.0002144082332761578,0.0006432246998284735,0.0002144082332761578,0.0047169811320754715,0.0002144082332761578,0.0006432246998284735,0.0002144082332761578,0.001286449399656947
2026-03,11693,0.03583340460104336,0.018472590438724023,0.03138629949542461,0.014111006585136407,0.00658513640639699,0.02899170443855298,0.011801932780295904,0.004361583853587617,0.0011117762764046865,0.008552125203112973
2026-04,13854,0.04034935758625668,0.020643857369712717,0.037895192724123,0.012631730908040999,0.0059910495163851595,0.03154323661036524,0.010177566045907319,0.0052692363216399595,0.0017323516673884798,0.0067128627111303595
