vendor,rate_2026_04
copilot,0.042534970025692266
claude,0.03825292606337425
openai,0.03625463888095918
cursor,0.021695689409077932
anthropic,0.014773051669997145
gemini,0.010705109905795034
gpt,0.00870682272337996
chatgpt,0.006994005138452755
llama,0.00528118755352555
mistral,0.0017128175849272054
