period,n_total,copilot_rate,cursor_rate,claude_rate,anthropic_rate,chatgpt_rate,openai_rate,gemini_rate,llama_rate,mistral_rate,gpt_rate
2024-01,18125,0.0007724137931034483,5.5172413793103446e-05,0.00016551724137931035,0.00022068965517241379,0.0009379310344827586,0.002206896551724138,0.0003310344827586207,0.00038620689655172413,5.5172413793103446e-05,0.0018206896551724138
2024-04,4687,0.0014934926392148496,0.0,0.0002133560913164071,0.0008534243652656284,0.0008534243652656284,0.00512054619159377,0.0004267121826328142,0.0006400682739492212,0.0002133560913164071,0.0014934926392148496
2026-03,11810,0.037171888230313296,0.01964436917866215,0.03209144792548688,0.016426756985605417,0.008213378492802709,0.03370025402201524,0.012362404741744284,0.004403048264182896,0.0015241320914479255,0.011854360711261643
2026-04,14012,0.042534970025692266,0.021695689409077932,0.03825292606337425,0.014773051669997145,0.006994005138452755,0.03625463888095918,0.010705109905795034,0.00528118755352555,0.0017128175849272054,0.00870682272337996
