null,n_perm,observed,median,p95,p97_5,p99,p99_5,p_value_right
uniform_shuffle,10000,0.8980371087011211,-0.002457009873327281,0.41523466859231045,0.48037614285889957,0.5663407758019382,0.6191726306031571,0.0
two_cluster_within_shuffle,10000,0.8980371087011211,0.577397320231911,0.7641300706047843,0.7948426940213754,0.8292408322479572,0.8488969112345754,0.0007
