scope,n,spearman,p,fisher_lo,fisher_hi
full_n17,17,0.9103221580677575,3.9423700599510474e-07,0.7639273895764028,0.9676011760651488
tech_only,11,0.9315165605535353,3.0507783946212435e-05,0.7516696921845274,0.982421061473457
control_only,6,0.6377481392176932,0.17307111024125976,-0.3602880211901569,0.9550187462523156
