zone,n_general,n_general_ai,ai_rate
rest,10706,1791.0,0.1672893704464786
hub,6836,1677.0,0.24531889994148626
