ari_bertopic_vs_nmf,nmi_bertopic_vs_nmf
0.11799250424063774,0.3962628229670341
