period_bucket,n,n_director,mean_yoe,median_yoe,n_firms
2024,366,2.0,5.020325203252033,5.0,255
2026,1896,18.0,5.062314540059347,5.0,1014
