n_overlap,ari_vs_v9,nmi_vs_v9
6277,0.07614361958030301,0.3195689372916242
