period,hhi
2024-04,0.10047297489853424
2026-03,0.09377084730931615
2026-04,0.0987491941649821
