company_industry,n,n_ai_raw,n_ai_core,rate_raw,rate_core
Financial Services,1804,471.0,438.0,0.26108647450110867,0.24279379157427938
Hospitals and Health Care,372,134.0,119.0,0.3602150537634409,0.31989247311827956
Software Development,6938,2243.0,1919.0,0.3232920149899106,0.27659267800518883
