source,total,n_unknown,share_unknown
kaggle_arshkon,4687,2465.0,0.5259227650949435
kaggle_asaniczka,18124,6214.0,0.3428602957404546
scraped,25816,12192.0,0.47226526185311435
