source,n,kappa_rule_vs_llm,observed_agreement,expected_agreement
kaggle_arshkon,1777,0.804846227173488,0.971862689926843,0.8558197996091496
kaggle_asaniczka,10670,0.5059179281318179,0.9693533270852859,0.937972505663208
scraped,11367,0.8098691799164984,0.9687692443036862,0.8357406985222179
