boundary,auc_2024,auc_2024_std,n_2024,auc_2026,auc_2026_std,n_2026,auc_change,interpretation
entry vs associate,0.5610660147921109,0.028406053739472015,2638,0.5923360388484218,0.028838163889410167,3877,0.03127002405631085,SHARPENED
associate vs mid-senior,0.6747862964097512,0.006791131140641998,26206,0.7027613201748995,0.022695133320096716,18992,0.027975023765148266,SHARPENED
mid-senior vs director,0.7495302105748356,0.04486681980066185,24641,0.638814492227666,0.04079498933985952,18592,-0.11071571834716964,BLURRED
