boundary,period,auc_all,auc_noagg,diff
entry vs associate,2024,0.5610660147921109,0.5562277018026386,-0.004838312989472349
entry vs associate,2026,0.5923360388484218,0.6002824332069008,0.007946394358478992
associate vs mid-senior,2024,0.6747862964097512,0.6606935353709066,-0.014092761038844603
associate vs mid-senior,2026,0.7027613201748995,0.7004086721112782,-0.002352648063621232
mid-senior vs director,2024,0.7495302105748356,0.6894151309235163,-0.06011507965131935
mid-senior vs director,2026,0.638814492227666,0.6406511088202463,0.0018366165925803868
