entry_definition,period_group,n,mean_requirement_breadth,mean_stack_depth,mean_tech_count,mean_tech_density,mean_scope_density
explicit_entry,2024-arshkon,172,3.5988372093023258,1.819767441860465,2.36046511627907,3.691499210378426,0.22375063580891158
explicit_entry,2026-scraped,337,4.118694362017804,2.065281899109792,2.5281899109792283,4.42087827389859,0.42689746883460267
yoe_proxy_le2,2024-arshkon,425,4.668235294117647,2.503529411764706,2.764705882352941,4.422880163866576,0.2953230058844742
yoe_proxy_le2,2026-scraped,1370,4.713138686131387,2.616788321167883,2.6481751824817517,4.318218350980671,0.40764253846248133
