entry_definition,period_group,n,mean_requirement_breadth,mean_stack_depth,mean_tech_count,mean_tech_density,mean_scope_density
explicit_entry,2024-arshkon,172,3.5988372093023258,1.819767441860465,2.372093023255814,3.7453240578406586,0.2263829962301929
explicit_entry,2026-scraped,219,4.242009132420091,2.1187214611872145,2.506849315068493,3.7735478762735686,0.4790997994005658
yoe_proxy_le2,2024-arshkon,425,4.668235294117647,2.496470588235294,2.783529411764706,4.463523310483877,0.2960195224077866
yoe_proxy_le2,2026-scraped,432,5.407407407407407,2.877314814814815,2.9814814814814814,3.8895922792183013,0.5613128676983843
