bucket,n,entry_final,yoe_le2,ai_any,ai_tools_any,scope_clean_any,desc_len_median,tech_count_median
metro_assigned,30560,0.06491885143570537,0.17286673528402685,0.2742473821989529,0.09283376963350785,0.374803664921466,4611.0,6.0
remote_only,8128,0.07443989400144543,0.1590702741964772,0.27288385826771655,0.10482283464566929,0.3870570866141732,5458.0,6.0
