term,df_2024_pct,df_2026_pct,ratio,category
storm,1.08033437234344,0.0855627174719069,0.0792854426559072,other
hosting.,1.0024086143383395,0.04848553990074725,0.04846396250950317,other
