period,senior_group,n_staff,n_other,mgmt_binary_staff,mgmt_binary_other,orch_strict_binary_staff,orch_strict_binary_other,strat_strict_binary_staff,strat_strict_binary_other,strat_broad_binary_staff,strat_broad_binary_other,ai_mention_staff,ai_mention_other,mentor_binary_staff,mentor_binary_other,desc_len_staff,desc_len_other
2024,all_senior,594,12229,0.2878787878787879,0.19388339193719847,0.38552188552188554,0.29618120860250224,0.12121212121212122,0.06893449995911358,0.29124579124579125,0.21686155859023631,0.008417508417508417,0.008995011857061084,0.2760942760942761,0.1837435603892387,1728.1599326599326,1556.3294627524735
2024,mid-senior_only,592,12132,0.28885135135135137,0.19370260468183317,0.38682432432432434,0.2962413452027695,0.12162162162162163,0.06857896472139796,0.28885135135135137,0.21529838443785032,0.008445945945945946,0.009066930431915594,0.27702702702702703,0.1834817012858556,1727.849662162162,1554.111605670953
2026,all_senior,780,5384,0.4782051282051282,0.3163075780089153,0.55,0.5079866270430906,0.22948717948717948,0.11552748885586925,0.3858974358974359,0.34063893016344726,0.17564102564102563,0.13020059435364043,0.4653846153846154,0.3027488855869242,1997.5051282051281,1830.8627414561665
2026,mid-senior_only,779,5273,0.47753530166880614,0.3167077564953537,0.5507060333761232,0.5067324103925659,0.22849807445442877,0.1124597003603262,0.3851091142490372,0.3351033567229281,0.17586649550706032,0.12801062014033757,0.46469833119383824,0.30343258107339277,1996.211810012837,1821.26076237436
