seniority,2024,2026,ratio_2026_over_2024
entry,0.07466666666666667,0.07986688851913477,1.0696458283812693
associate,0.1282051282051282,0.0784313725490196,0.611764705882353
mid-senior,0.18783401446086137,0.3241903502974223,1.7259405929641847
director,0.21212121212121213,0.2767857142857143,1.3048469387755102
