x,y,label,pearson_r,pearson_p,spearman_rho,spearman_p,n_metros
d_ai_prevalence,d_entry_share,AI surge vs entry change,-0.03889175618152749,0.8503846134748065,-0.03316239316239316,0.8722326311142032,26
d_ai_prevalence,d_org_scope_composite,AI surge vs scope inflation,0.027455626653216665,0.8940855720541276,0.008547008547008546,0.9669462370616666,26
d_ai_prevalence,d_tech_diversity,AI surge vs tech diversity,0.28523808438213244,0.1578187650627823,0.30666666666666664,0.12756338932425015,26
d_entry_share,d_org_scope_composite,Entry change vs scope inflation,-0.09975065007704868,0.6277985587598418,-0.1282051282051282,0.5325264914286254,26
d_ai_prevalence,d_median_desc_len,AI surge vs description length,-0.027631430052337758,0.8934111609151572,-0.06393162393162392,0.7563528844737005,26
