metric,base_mean,no_agg_mean,capped_mean,no_agg_pct_change,capped_pct_change
entry_share,0.10303144015632831,0.07996862768079811,0.10684513014733388,22.384247410826525,3.7014817857724793
ai_prevalence,0.20630904135186898,0.2163756765783262,0.21147808515180969,4.8793960557880505,2.5054858313866535
org_scope_composite,1.3729741665677695,1.5500909161363319,1.2146827901540442,12.90022448210572,11.529086290780697
median_desc_len,1608.5192307692307,1730.076923076923,1430.2307692307693,7.557117750439373,11.084011812106208
tech_diversity,2.5051577505112785,2.891258442912689,2.6124885713195054,15.41223071970661,4.284393698812846
