metric,ALL,HIGH-LLM-Q4,LOW-LLM-Q1,low_over_all,high_over_all
ai_binary_rate,0.13136414611824848,0.1553705214967614,0.1355169162245224,1.0316126601434745,1.1827467850847475
credential_stack>=5_J3,0.17019261898221522,0.09632738584944467,0.21191311124098966,1.2451369072775955,0.5659903844567471
credential_stack>=5_S4,0.13394872109389677,0.17692826980967014,0.10394477021346726,0.7760042004477443,1.3208656892337562
raw_length_mean,1130.2735640143483,1441.297112967898,825.4671767924729,0.7303251204608321,1.2751754609290336
requirement_breadth_resid_mean,1.2239320750426885,1.1621661714643312,1.5682069666821477,1.2812859460582822,0.9495348599502934
requirements_share,-0.025374266975991683,-0.0375854066844121,-0.010785541348215355,0.42505824339360376,1.4812410825492694
scope_density_mean,0.09647584156011657,0.08308761420655392,0.12154239021338303,1.2598220264048887,0.8612271514084684
tech_count_mean,2.0594254570157515,1.9006526261897267,2.6302097925899224,1.27715707486751,0.9229043079538808
