metric,ALL,HIGH-CLEAN-Q4,LOW-CLEAN-Q1,low_over_all,high_over_all
ai_binary_rate,0.13136414611824848,0.14902297654695057,0.11549100061896636,0.8791668353327263,1.1344265612080053
credential_stack>=5_J3,0.17019261898221522,0.0831155175003756,0.1656561558515714,0.973345124143616,0.4883614694774807
credential_stack>=5_S4,0.13394872109389677,0.11233676583352059,0.11129884999216744,0.8309064027132294,0.8386550085444533
raw_length,1130.2735640143483,1070.075661630644,582.7379442008128,0.5155724797553658,0.9467404137367401
requirement_breadth_resid,1.2239320750426885,1.1313770339720293,0.9746296087348689,0.7963102108430941,0.9243789398464526
requirements_share,-0.025374266975991683,-0.030858741573578735,-0.0016222298542146463,0.06393208740766967,1.2161431738215842
scope_density,0.09647584156011657,0.08280052048523245,0.1232799408980155,1.2778322417762649,0.8582513419552534
tech_count,2.0594254570157515,1.8459305064463205,1.9927154907685356,0.9676074868260184,0.8963327612358449
