source_bucket,n,unique,unique_per_1k
arshkon,4691,2529,539.1174589639736
asaniczka,18129,8898,490.81581995697496
scraped,40881,20997,513.612680707419
