metric,source_a,source_b,n_a,n_b,ks_d,p_value
description_length,kaggle_asaniczka,kaggle_arshkon,22043,4639,0.17914284155475493,4.6051514946626955e-108
description_length,kaggle_asaniczka,scraped,22043,4318,0.19965488314483726,1.2366625906464156e-126
description_length,kaggle_arshkon,scraped,4639,4318,0.32017479530184956,3.2754233553007655e-203
core_length,kaggle_asaniczka,kaggle_arshkon,22043,4639,0.05962542963973183,2.765992776624921e-12
core_length,kaggle_asaniczka,scraped,22043,4318,0.37443185754434194,0.0
core_length,kaggle_arshkon,scraped,4639,4318,0.3246080290139354,5.707721537567753e-209
