desc_len_chars,tech_count,ai_strict_bin,ai_broad_bin,breadth_resid,requirement_breadth,mentor_bin,req_header_bin,slice,n
0.4354312512762107,0.1712113527401877,0.207336067550462,0.36609683280590166,0.15921532452900633,0.30885276398999045,0.1820320293763501,-0.034784828425143556,all,63701
0.5666641480470666,0.08938939867558009,0.04339636122534626,0.08795703326503525,0.003657860428409442,0.2519358363406439,0.13668368008576637,-0.043227849142240926,2024,22820
0.3133249169900598,0.11102037399100805,0.10455142733510622,0.1798417339082946,0.10738490867110655,0.19530491627118626,0.14752391186386662,-0.026467980583187847,2026,40881
