metric,full,low40_global,low40_within_period,att_within,att_global
ai_broad_bin,0.3743639621731024,0.24033408240135404,0.32188629296579546,0.859821792400408,0.6419797488152073
ai_strict_bin,0.12471761576603957,0.0891333745193702,0.09590129122495288,0.7689474388674664,0.7146815144909232
breadth_resid,2.0338485311455736,0.9850127577245082,1.4433574723855624,0.7096681243871122,0.4843097913342129
desc_len_chars,254.77306235661808,-143.21544822871465,558.0964226506865,2.19056291700687,-0.5621294767350604
mentor_bin,0.09431198428666465,-0.006643653182111381,0.07552292809719906,0.8007776389015887,-0.07044336127970502
mentor_senior_only,0.16932553407070985,0.024304475345513804,0.12222358390398402,0.7218260646556933,0.1435369773312767
req_header_bin,-0.0031554261475146613,-0.004042862032705149,-0.005142614025188192,1.6297684638376717,1.2812412155136215
requirement_breadth,2.7101312762474308,0.6347185159865241,3.111621919272567,1.1481443524688066,0.23420212945012162
