metric_delta,n,rho
ai_strict_delta,343,0.033325972082303694
ai_broad_delta,343,0.14735048402794915
breadth_resid_delta,330,0.042997215799522696
desc_len_delta,330,0.21866455277054495
