topic,n_docs,n_2024,n_2026,share_2024,share_2026,period_diff,abs_period_diff,top_terms
1,1432,240,1192,0.16759776536312848,0.8324022346368715,0.6648044692737429,0.6648044692737429,"ai, ml, workflows, including, aiml, eg, qualifications, llms"
4,64,19,45,0.296875,0.703125,0.40625,0.40625,"kotlin, compose, coroutines, user, mvvm, ui, backend, highquality"
2,159,71,88,0.44654088050314467,0.5534591194968553,0.10691823899371067,0.10691823899371067,"ios, swiftui, user, including, backend, flutter, objectivec, uikit"
-1,135,72,63,0.5333333333333333,0.4666666666666667,-0.06666666666666665,0.06666666666666665,"javascript, go, qualifications, aws, laravel, authorization, ai, typescript"
3,68,35,33,0.5147058823529411,0.4852941176470588,-0.029411764705882304,0.029411764705882304,", , , , , , , "
0,8212,4121,4091,0.5018265952264979,0.4981734047735022,-0.0036531904529956694,0.0036531904529956694,"requirements, including, aws, maintain, qualifications, bachelor, sql, cicd"
