company_size_quartile,rows,companies,j1_entry_share_all,j3_yoe_le2_share_known,s1_share_all,s4_yoe_ge5_share_known,ai_keyword_prevalence,tech_count_mean,company_size_mean
Q1_smallest,1163,816,0.029234737747205503,0.11947626841243862,0.4247635425623388,0.6170212765957447,0.05588993981083405,5.074806534823732,35.7128116938951
Q2,1160,627,0.026724137931034484,0.12968299711815562,0.3931034482758621,0.6585014409221902,0.04310344827586207,4.989655172413793,281.6560344827586
Q3,1181,574,0.04403048264182896,0.13892529488859764,0.46062658763759523,0.6238532110091743,0.03725656223539373,5.476714648602879,3215.198983911939
Q4_largest,1142,290,0.046409807355516634,0.19902912621359223,0.5,0.5242718446601942,0.0542907180385289,5.73292469352014,112413.60595446585
missing,45,0,0.1111111111111111,0.15789473684210525,0.26666666666666666,0.47368421052631576,0.1111111111111111,4.177777777777778,
