definition,definition_text,denominator_definition,archetype_domains_used,total_change,within_domain_component,between_domain_component,between_share_of_total
J1,seniority_final = 'entry',all rows,8,0.03155245556064874,0.03301839522298307,-0.0014659396623343266,-0.04646039860563504
J2,"seniority_final IN ('entry','associate')",all rows,8,0.033846245997056976,0.03614920275575802,-0.0023029567587010474,-0.0680417189812216
J3,yoe_extracted <= 2,YOE-known rows,8,0.059733962278000055,0.06774882301868528,-0.008014860740685232,-0.1341759433835029
J4,yoe_extracted <= 3,YOE-known rows,8,0.08639632704995015,0.08395023162193198,0.002446095428018158,0.02831249326842268
