period2,n,entry_final_rate,yoe_le2_rate,clean_len_mean,tech_count_mean,requirement_breadth_mean,scope_density_mean,any_ai_narrow_rate,any_ai_broad_rate,any_mentor_rate,credential_stack_mean,aggregator_rate
2024,1059,0.021718602455146365,0.08781869688385269,2054.088762983947,4.646836638338055,5.602455146364495,0.1938680371597075,0.5873465533522191,0.4173748819641171,0.18602455146364494,1.6685552407932012,0.13408876298394712
2026,2559,0.07424775302852676,0.11645173896053146,2663.840171942165,6.726064869089488,6.64126611957796,0.24556970465665548,0.8589292692457992,0.7026182102383743,0.2543962485345838,1.1832747166862057,0.1262211801484955
