metric,agg_2024,agg_2026,total_change,within_domain_component,between_domain_component,interaction_component,within_pct,between_pct
seniority_final,0.017234209675183666,0.04824983943481053,0.031015629759626864,0.02637850513366949,0.0010584311809103877,0.0035786934450470005,85.0490715104114,3.412573560857212
yoe_le2_of_known,0.11232730427818194,0.1715605020127871,0.05923319773460517,0.06335964158273727,0.005643547927326548,-0.009769991775458654,106.96643775104067,9.527677287679976
yoe_le2_of_all,0.07776186295800028,0.11632947976878615,0.03856761681078587,0.04342952377191807,0.0007350831746430582,-0.005596990135775269,112.60618976014227,1.9059595469676103
