period_group,seniority_final,management_strict_density,orchestration_strict_density,strategic_strict_density
2024,director,0.36461647052547574,0.04174371413337295,0.1228902205394686
2024,mid-senior,0.37734111903128825,0.03043317249643744,0.07220625881773217
2026,director,0.38761593500316494,0.08266319748885483,0.11694192945351037
2026,mid-senior,0.3793112367020171,0.09680351559109401,0.09467283126677328
