period_group,management_strict_density,orchestration_strict_density,strategic_strict_density,ai_any,ai_tool_any,ai_domain_any,education_level,yoe_extracted
2024,0.36461647052547574,0.04174371413337295,0.1228902205394686,0.01020408163265306,0.01020408163265306,0.01020408163265306,1.0816326530612246,8.292682926829269
2026,0.38761593500316494,0.08266319748885483,0.11694192945351037,0.2528301886792453,0.22641509433962265,0.12075471698113208,0.6943396226415094,6.958115183246074
