period_group,seniority_final,management_strict_density,management_broad_density
2024,associate,0.5168759263174526,0.44776908554681183
2024,director,0.36461647052547574,0.8504666922885423
2024,entry,0.32186317321963726,0.7837622521395595
2024,mid-senior,0.37734111903128836,0.781144899161643
2026,associate,0.3394168703741119,0.6136375858836097
2026,director,0.38761593500316494,0.724624179775976
2026,entry,0.36454055971364435,0.6551961020220816
2026,mid-senior,0.37931123670201716,0.7575752856982475
