bucket,agg_share,n
arshkon,0.09166489021530591,4691
asaniczka,0.16233658778752275,18129
scraped_2026,0.1663364399109611,40881
