size_q,n,size_min,size_max,j2_share,ai_share,ai_tool_count,core_tech_count_16
1,1162,0.0,92.0,0.03098106712564544,0.0757314974182444,0.008605851979345954,2.5025817555938037
2,1162,92.0,669.0,0.030120481927710843,0.05421686746987952,0.0051635111876075735,2.391566265060241
3,1161,671.0,9287.0,0.047372954349698536,0.056847545219638244,0.0068906115417743325,2.657192075796727
4,1161,9287.0,748312.0,0.050818260120585705,0.06804478897502153,0.00516795865633075,2.792420327304048
