{
  "n_entry_native": 738,
  "yoe_mean": 4.179039301310044,
  "yoe_median": 3.183673469387755,
  "share_ge5": 0.26422764227642276,
  "share_le2": 0.17750677506775067
}