seniority_native,n_all,n_known,yoe_mean,yoe_median,share_ge5,share_le2
associate,263,149.0,3.8926174496644297,3.0,0.18250950570342206,0.16730038022813687
director,20,14.0,7.714285714285714,7.5,0.6,0.05
entry,738,458.0,4.179039301310044,3.183673469387755,0.26422764227642276,0.17750677506775067
executive,11,8.0,8.0,6.5,0.6363636363636364,0.0
intern,20,1.0,2.0,2.0,0.0,0.05
mid-senior,2231,1477.0,5.606635071090047,5.0,0.4549529359031824,0.05423576871358135
