definition,baseline_arshkon,baseline_pooled_2024,scraped_2026,effect_arshkon,effect_pooled,direction_arshkon,direction_pooled,agree
J1,0.03730547857599659,0.01660823838737949,0.031188082483305204,-0.006117396092691383,0.014579844095925713,down,up,False
J2,0.04050309102536773,0.01831726555652936,0.03246006702380079,-0.008043024001566937,0.01414280146727143,down,up,False
J3,0.14977670903469598,0.11216259129882501,0.17192995177839815,0.022153242743702173,0.05976736047957314,up,up,True
J4,0.39848849192717284,0.3471578278818673,0.42213842862840356,0.023649936701230723,0.07498060074653629,up,up,True
S1,0.44276273715625664,0.595749342681858,0.43328196472689023,-0.009480772429366402,-0.16246737795496774,down,down,True
S2,0.002771264122788318,0.004601226993865031,0.007216066143196106,0.004444802020407788,0.002614839149331075,up,up,True
S4,0.6015115080728273,0.6528421721181328,0.5778615713715963,-0.023649936701230945,-0.07498060074653645,down,down,True
