metric,arshkon,asaniczka,scraped_2026,pooled_2024,within_2024_effect,cross_period_arshkon,cross_period_pooled,snr_arshkon,snr_pooled
s1_desc_len_mean,3730.1449205584977,4203.888869595416,5471.2672613334835,4131.51180581096,-473.7439490369179,1741.1223407749858,1339.7554555225233,3.6752392179668845,2.8280159741272364
s1_ai_broad_share,0.18103033220991815,0.15315158881750304,0.5598712809800711,0.1574108127988231,0.027878743392415112,0.37884094877015295,0.40246046818124803,13.588881802801167,14.436105046640813
s1_org_scope_share,0.3278767453057294,0.2822538635179719,0.47038897984531136,0.2892239794041927,0.04562288178775753,0.14251223453958195,0.18116500044111866,3.1237008482402304,3.9709240920798776
s1_yoe_mean,6.056068133427963,6.202691727578605,5.8280230901866705,6.180291050487698,-0.1466235941506424,-0.22804504324129216,-0.35226796030102747,1.555309324957596,2.402532568797244
