technology,label,category,arshkon_rate,asaniczka_rate,pooled_2024_rate,scraped_2026_rate,pooled_to_scraped_pp,within_2024_arshkon_minus_asaniczka_pp,calibration_snr_arshkon_to_scraped,n_pooled_2024,n_scraped_2026,reported_2024_rate,reported_2026_rate,pct_diff_reported_2024,pct_diff_reported_2026
ci_cd,CI/CD,devops,0.19675975271797058,0.1429753433724971,0.15403155127081508,0.33592622489665125,18.189467362583617,5.378440934547349,2.5874872267309366,22820,40881,0.154,0.336,0.00020487838191612568,-0.0002195687599665837
python,Python,language,0.314218716691537,0.3258315406255171,0.32344434706397895,0.4937256916415939,17.028134457761496,-1.161282393398011,15.45765060854873,22820,40881,0.323,0.494,0.0013756875045787766,-0.0005552800777451082
api_design,API design,practice,0.14986143679386058,0.1253792266534282,0.1304119193689746,0.27396590102981827,14.355398166084369,2.4482210140432366,5.069169144618982,22820,40881,0.13,0.274,0.0031686105305737205,-0.00012444879628376157
observability,Observability,practice,0.02600724792155191,0.016768713111589166,0.01866783523225241,0.138793082360999,12.012524712874658,0.9238534809962742,12.208194996226023,22820,40881,0.019,0.139,-0.01748235619724161,-0.0014886161079210047
llm,LLM,ai_tool,0.015561713920272863,0.008439516796293232,0.009903593339176162,0.129571194442406,11.966760110322983,0.7122197123979631,16.007627777989484,22820,40881,0.01,0.13,-0.009640666082383863,-0.0032985042891846388
kubernetes,Kubernetes,cloud,0.13493924536346194,0.12879916156434443,0.13006134969325153,0.22002886426457277,8.996751457132124,0.6140083799117513,13.858054985070462,22820,40881,0.13,0.22,0.00047192071731944486,0.0001312012026034996
aws,AWS,cloud,0.2692389682370497,0.25472999062275914,0.2577125328659071,0.34512365157408087,8.741111870817376,1.4508977614290541,5.230188187918146,22820,40881,0.258,0.345,-0.001114213698034454,0.000358410359654772
generative_ai,Generative AI,ai_tool,0.013216798124067362,0.007391472226818909,0.008588957055214725,0.07538954526552677,6.680058821031204,0.5825325897248453,10.672835861565481,22820,40881,0.009,0.075,-0.04567143830947497,0.005193936873690297
rag,RAG,ai_ml,0.003197612449371136,0.0002758012024932429,0.0008764241893076249,0.0518089087840317,5.093248459472408,0.2921811246877893,16.637384220696756,22820,40881,0.001,0.052,-0.12357581069237511,-0.0036748310763133887
