finding,definition,definition_label,arshkon_mean,asaniczka_mean,pooled_2024_mean,scraped_2026_mean,diff_pooled_to_scraped,n_pooled_2024,n_scraped_2026,reported_pooled_2024,reported_scraped_2026,reported_diff,pct_diff_vs_reported_pooled,pct_diff_vs_reported_scraped,pct_diff_vs_reported_diff
T11 requirement breadth,all_swe,All SWE rows,7.516748453168338,7.44743792921289,7.462391824709998,9.665071006861337,2.202679182151339,21724,12534,7.23,9.39,,0.03214271434439804,0.029294036939439497,
T11 requirement breadth,J1,seniority_final = entry,6.48,6.388059701492537,6.430851063829787,8.260655737704917,1.8298046738751301,376,610,,,1.74,,,0.05161188153743111
T11 requirement breadth,J2,seniority_final in entry/associate,6.41578947368421,6.475555555555555,6.448192771084337,8.389728096676738,1.9415353255924002,415,662,,,1.84,,,0.05518224216978265
T11 requirement breadth,J3,yoe_extracted <= 2,7.6880733944954125,7.657348242811501,7.665284360189573,9.487654320987655,1.8223699607980821,1688,1458,,,1.75,,,0.041354263313189775
T11 requirement breadth,J4,yoe_extracted <= 3,7.9140022050716645,7.589491525423729,7.665802437127301,9.770869117141876,2.105066680014575,3857,2911,,,2.08,,,0.012051288468545734
T11 requirement breadth,S1,seniority_final in mid-senior/director,8.422447013487476,7.97979797979798,8.051216289733427,10.515151515151516,2.463935225418089,12867,6204,,,,,,
T11 requirement breadth,S4,yoe_extracted >= 5,8.354654483152485,7.9950254943415,8.059334150326798,10.73053152039555,2.671197370068752,9792,4854,,,,,,
