finding,metric,arshkon_value,asaniczka_value,pooled_2024_value,scraped_2026_value,pooled_to_scraped_diff,within_2024_diff_asaniczka_minus_arshkon,n_pooled_2024,n_scraped_2026,reported_pooled_2024,reported_scraped_2026,pct_diff_reported_2024,pct_diff_reported_2026
T08/T14 AI and technology expansion,broad_ai_prevalence,0.048177360903858456,0.0347509515141486,0.037510955302366346,0.23695604314962943,0.1994450878472631,-0.013426409389709855,22820,40881,0.0375,0.237,0.0002921413964359262,-0.00018547194249182874
T08/T14 AI and technology expansion,tech_count_mean,5.306544446813046,5.170941585305312,5.198816827344435,7.261221594383699,2.062404767039264,-0.13560286150773404,22820,40881,5.2,7.26,-0.0002275332029933762,0.00016826368921471667
