component,pooled_2024_mean,scraped_2026_mean,diff
tech_count_non_ai,5.091051371754741,6.3608584649752675,1.2698070932205265
ai_requirement_count,0.07507825446510771,0.5285623105153981,0.4534840560502904
soft_skill_count,0.6516755661940711,0.753869475027924,0.10219390883385293
org_scope_count,0.6442183759896888,1.0445986915589596,0.4003803155692708
management_strong_count,0.14118026146197754,0.16100207435774694,0.019821812895769397
education_any,0.16810900386669123,0.13866283708313387,-0.029446166783557354
yoe_requirement_any,0.6910789909777205,0.6775171533429073,-0.013561837634813223
credential_stack_depth,2.7318633769103298,3.21820647837881,0.48634310146848003
