source_group,year,n,mean_cleaned_chars
arshkon,2024,4653,902.1289490651193
asaniczka,2024,16992,958.0014712806027
scraped_2026,2026,12456,1094.2236673089274
