{
  "nmi_seniority": 0.0018820978605294527,
  "nmi_tech_domain": 0.024268430487571272,
  "nmi_period": 0.0008214411394821905,
  "nmi_title_arch": 0.07789657826600636
}