metric,arshkon,asaniczka,scraped,pooled_2024,within_2024,cross_arshkon,cross_pooled,snr_arshkon,snr_pooled,kept_terms,dropped_terms
refined_management_STRICT_share,0.13947990543735225,0.15359265579944684,0.22238278741168915,0.15055899473343806,-0.014112750362094584,0.0829028819743369,0.07182379267825109,5.874324978992446,5.089283862850895,coach;headcount;hire;mentor;performance_review,manage;team_building
