n_total,n_aggregator,share_ai_any,share_ai_tool,share_ai_domain
28891,4209.0,0.12533314873143886,0.11010349243709114,0.03956249351008965
