period_group,seniority_final,management_strict_density_mean,management_strict_density_median,management_broad_density_mean,management_broad_density_median,orchestration_strict_density_mean,orchestration_strict_density_median,orchestration_broad_density_mean,orchestration_broad_density_median,strategic_strict_density_mean,strategic_strict_density_median,strategic_broad_density_mean,strategic_broad_density_median,ai_any_mean,ai_any_median,ai_tool_any_mean,ai_tool_any_median,ai_domain_any_mean,ai_domain_any_median,tech_count_mean,tech_count_median,education_level_mean,education_level_median,yoe_extracted_mean,yoe_extracted_median
2024,director,0.36461647052547574,0.3464403672339905,0.8504666922885421,0.7728425311653824,0.04174371413337295,0.0,0.1209045418577533,0.0,0.1228902205394686,0.0,0.5445089741159905,0.43856764020283934,0.01020408163265306,0.0,0.01020408163265306,0.0,0.01020408163265306,0.0,1.8775510204081634,1.0,1.0816326530612246,1.0,8.292682926829269,7.0
2024,mid-senior,0.37734111903128825,0.32169856844137046,0.7811448991616426,0.684931506849315,0.03043317249643744,0.0,0.17139991741997054,0.0,0.07220625881773217,0.0,0.5174467592766953,0.4363953742090334,0.021548406957057103,0.0,0.015006926273664768,0.0,0.011620748037555795,0.0,3.1176696937047867,2.0,0.8336155148530091,0.0,6.161761636401586,5.0
2026,director,0.38761593500316494,0.3640997633351538,0.7246241797759762,0.6912044237083117,0.08266319748885483,0.0,0.2124900497541933,0.18789928598271327,0.11694192945351037,0.12405408758218583,0.4451288957851223,0.4063388866314506,0.2528301886792453,0.0,0.22641509433962265,0.0,0.12075471698113208,0.0,4.509433962264151,4.0,0.6943396226415094,0.0,6.958115183246074,6.0
2026,mid-senior,0.3793112367020171,0.354578497600521,0.757575285698248,0.6710095903699103,0.09680351559109401,0.0,0.2654751529294606,0.20625999126673522,0.09467283126677328,0.0,0.49020480709197434,0.41522491349480967,0.21069911162611046,0.0,0.18829663962920046,0.0,0.06173554783056521,0.0,3.74642719196601,3.0,0.7060641174198532,0.0,5.77598368318178,5.0
