period_group,seniority_final,management_strict_density,management_broad_density
2024,director,0.36461647052547574,0.8504666922885421
2024,mid-senior,0.37734111903128825,0.7811448991616426
2026,director,0.38761593500316494,0.7246241797759762
2026,mid-senior,0.3793112367020171,0.757575285698248
