period,rate,n_contra,total
2024-01,0.01628397880497997,378.0,23213
2024-04,0.07073122135883642,355.0,5019
2026-03,0.013303400681799285,320.0,24054
2026-04,0.013172238372093024,145.0,11008
