size_q,min_size,max_size,n,entry_best_share,entry_native_share,yoe_le2_share,desc_len_mean,core_len_mean,ai_kw_share
1,0.0,104.0,1244,0.027331189710610933,0.04421221864951769,0.06270096463022508,2231.2138263665593,2074.6077170418007,0.01527331189710611
2,104.0,627.0,1244,0.02491961414790997,0.12138263665594855,0.06993569131832797,2543.635048231511,2233.894694533762,0.007234726688102894
3,627.0,9287.0,1243,0.04344328238133548,0.24537409493161705,0.0917135961383749,3749.402252614642,3015.226065969429,0.013676588897827836
4,9293.0,748312.0,1243,0.042638777152051485,0.2075623491552695,0.13998390989541432,4783.086886564763,3661.4465004022527,0.02172164119066774
