window,n,ai_strict_prev,scope_prev,length_median,length_mean,tech_count_median,tech_count_mean,j3_yoe_llm_le2,s4_yoe_llm_ge5,entry_seniority_final,entry_seniority_native,j3_yoe_extracted_le2,n_yoe_llm_labeled,n_yoe_rule
first_day,2448,0.1437908496732026,0.6311274509803921,4800.0,4871.8709150326795,4.0,4.896650326797386,0.14354066985645933,0.6267942583732058,0.04044117647058824,0.1119281045751634,0.16780185758513932,836,1615
subsequent,42869,0.14964193239870302,0.6380834635750776,4844.0,4894.581165877441,4.0,4.833865963750029,0.14185514612452352,0.6320203303684879,0.03617999020271059,0.11600457206839442,0.17174937621291933,19675,28856
