{
  "a": 6.498078793926284,
  "b": 0.0018241642313502747
}