k,silhouette,inertia
3,0.15521830529284647,1011.8096258488752
4,0.16924991219372643,909.834925859834
5,0.18757255736766107,818.0084426881764
6,0.18368761432984787,747.4161399727482
