{
  "n_companies": 240,
  "mean_d_breadth_raw": 0.2657124969142522,
  "mean_d_breadth_resid": 1.7850333397527371,
  "median_d_breadth_resid": 1.8847487012457533,
  "share_positive_resid": 0.7625,
  "share_large_positive_resid": 0.6166666666666667
}