,2024|junior,2024|mid,2024|senior,2024|unknown,2026|junior,2026|mid,2026|senior,2026|unknown
2024|junior,1.0000002,0.93670994,0.94435155,0.9590886,0.92249495,0.92951244,0.839131,0.8885657
2024|mid,0.93670994,1.0,0.9303857,0.9429041,0.8402832,0.8907052,0.8128081,0.8584173
2024|senior,0.94435155,0.9303857,1.0000001,0.98043686,0.8672586,0.93143326,0.9093663,0.92602646
2024|unknown,0.9590886,0.9429041,0.98043686,0.99999994,0.8708889,0.9299134,0.88743067,0.9296591
2026|junior,0.92249495,0.8402832,0.8672586,0.8708889,0.99999976,0.9036743,0.8761318,0.90997195
2026|mid,0.92951244,0.8907052,0.93143326,0.9299134,0.9036743,0.99999994,0.90968627,0.939394
2026|senior,0.839131,0.8128081,0.9093663,0.88743067,0.8761318,0.90968627,0.9999998,0.9753055
2026|unknown,0.8885657,0.8584173,0.92602646,0.9296591,0.90997195,0.939394,0.9753055,0.99999994
