,2024|junior,2024|mid,2024|senior,2024|unknown,2026|junior,2026|mid,2026|senior,2026|unknown
2024|junior,1.0000001,0.96706975,0.98109794,0.9838213,0.97779787,0.96715426,0.94183064,0.9629072
2024|mid,0.96706975,0.99999994,0.9746398,0.97659194,0.94142985,0.95766103,0.9421252,0.9546792
2024|senior,0.98109794,0.9746398,1.0000001,0.9955247,0.9606471,0.98069197,0.9723897,0.9819772
2024|unknown,0.9838213,0.97659194,0.9955247,1.0,0.95974267,0.9767231,0.96564376,0.981164
2026|junior,0.97779787,0.94142985,0.9606471,0.95974267,1.0,0.95899427,0.95872104,0.9723805
2026|mid,0.96715426,0.95766103,0.98069197,0.9767231,0.95899427,1.0,0.9678874,0.97785795
2026|senior,0.94183064,0.9421252,0.9723897,0.96564376,0.95872104,0.9678874,1.0000004,0.9938204
2026|unknown,0.9629072,0.9546792,0.9819772,0.981164,0.9723805,0.97785795,0.9938204,1.0000001
