seniority_native,n,n_with_yoe,mean_yoe,median_yoe,n_yoe_le2,n_yoe_ge5,share_yoe_le2,share_yoe_ge5
associate,263,198,3.904040404040404,3.0,58.0,68.0,0.29292929292929293,0.3434343434343434
director,20,15,9.6,10.0,0.0,15.0,0.0,1.0
entry,738,543,4.209944751381215,4.0,151.0,244.0,0.27808471454880296,0.44935543278084716
executive,11,8,9.375,8.5,0.0,8.0,0.0,1.0
intern,20,1,2.0,2.0,1.0,0.0,1.0,0.0
mid-senior,2231,1724,5.922273781902552,5.0,103.0,1296.0,0.05974477958236659,0.7517401392111369
,1408,965,5.649740932642487,5.0,136.0,615.0,0.14093264248704662,0.6373056994818653
