period,n_total,n_j1,n_j3,entry_specialist_share_of_total,entry_specialist_share_of_j1,entry_specialist_share_of_j3
2024,22820.0,415.0,1667.0,0.04250657318141981,0.12530120481927712,0.10257948410317937
2026,45317.0,1650.0,2911.0,0.061963501555707574,0.17272727272727273,0.10924081071796633
