pc,n,n_lab,n_j3,j3_share_labeled
2024,21805,17471,1493.0,0.08545589834583023
2026,42509,19292,2593.0,0.13440804478540327
