pc,n,ai_strict_share
2024,13437,0.01510753888516782
2026,24927,0.16520239098166647
