n_cos_with_both,n_cos_total,mean_2024,mean_2026,mean_delta_within
2109,2109,0.023733382868751342,0.16573868950903303,0.1420053066402817
