pc,n_co,mean_j3_within_min3lab,mean_j3_within_min1lab
2024,2109,0.10057278436352464,0.10204708516910997
2026,2109,0.12490579677865558,0.11584146180988543
