period_coarse,seniority_final,n,total,share
2024,associate,54,22820,0.002366345311130587
2024,director,91,22820,0.003987730061349694
2024,entry,415,22820,0.018185801928133218
2024,mid-senior,13574,22820,0.594829097283085
2024,unknown,8686,22820,0.3806310254163015
2026,associate,121,45317,0.0026700796610543503
2026,director,325,45317,0.0071717015689476355
2026,entry,1650,45317,0.03641017719619569
2026,mid-senior,19703,45317,0.4347816492706931
2026,unknown,23518,45317,0.5189663923031093
