period_coarse,ai_strict_per_1k,mgmt_strict_per_1k,scope_per_1k
2024,0.00919600307879637,0.15937526801505852,0.2005183679666618
2026,0.16584327383592276,0.16095204678318922,0.33110424643666064
