definition,n,J1,J2,J3,J4,J5,J6
J1,1654,1.0,1.0,0.2249093107617896,0.25574365175332525,0.4238210399032648,1.0
J2,1745,0.9478510028653295,1.0,0.23209169054441262,0.26876790830945557,0.4017191977077364,0.9478510028653295
J3,6508,0.05716041794714198,0.062231100184388446,1.0,1.0,0.00752919483712354,0.057467732022126614
J4,13342,0.03170439214510568,0.03515215110178384,0.4877829410882926,1.0,0.003897466646679658,0.031854294708439514
J5,774,0.9056847545219638,0.9056847545219638,0.06330749354005168,0.06718346253229975,1.0,1.0
J6,1727,0.9577301679212508,0.9577301679212508,0.21656050955414013,0.2460914881297047,0.4481760277938622,1.0
