definition,side,period,source,all_swe_denominator,n,share_of_all
J5_raw_title,junior,2024,arshkon,4691,96.0,0.02046471967597527
J5_raw_title,junior,2024,asaniczka,18129,121.0,0.006674389100336477
J5_raw_title,junior,2024,pooled_2024,22820,217.0,0.00950920245398773
J5_raw_title,junior,2026,scraped_2026,40881,1030.0,0.025195078398277927
S3_raw_title,senior,2024,arshkon,4691,1804.0,0.38456619057770197
S3_raw_title,senior,2024,asaniczka,18129,11137.0,0.6143195984334492
S3_raw_title,senior,2024,pooled_2024,22820,12941.0,0.5670902716914987
S3_raw_title,senior,2026,scraped_2026,40881,17289.0,0.42291039847361855
