period,dist_associate_to_entry,dist_associate_to_midsenior,entry_share_of_distance
2024,0.6443590726766578,0.8864261773450752,0.42093368267528686
2026,1.0550384792372394,1.0454985937923265,0.5022708205361864
