seniority_final,kaggle_arshkon,kaggle_asaniczka,scraped
associate,0.0066166740185266875,0.002043248765537204,0.0027310924369747898
director,0.005734450816056462,0.007832453601225949,0.015493697478991597
entry,0.07719453021614468,0.017367614507066236,0.06696428571428571
mid-senior,0.9104543449492721,0.9727566831261706,0.9148109243697479
