source,n_unknown,total,unknown_share
kaggle_arshkon,2424.0,4691,0.5167341718183757
kaggle_asaniczka,6383.0,18129,0.35208781510287385
scraped,21841.0,40881,0.5342579682493089
