chi2,dof,p,cramer_v,n_industries_compared
2892.7788316917567,136,0.0,0.26340307118159156,137
