source,compound,n,compound_share
scraped,19704.0,40871,0.48210222407085707
kaggle_arshkon,2233.0,4653,0.4799054373522459
