definition,within_2024_h,within_2024_diff,within_2024_p,arsh_vs_scraped_h,arsh_vs_scraped_diff,arsh_vs_scraped_p,pool2024_vs_scraped_h,pool2024_vs_scraped_diff,pool2024_vs_scraped_p,snr
J1,0.17617826362912092,0.026052789514272277,0.0,0.03367039969438185,0.006117396092691383,0.023760237478952728,-0.0966004228294225,-0.014579844095925713,0.0,0.19111551561924003
J2,0.18051236542440166,0.027926556191675854,0.0,0.04296348273554329,0.008043024001566937,0.00363148356589571,-0.090796164149899,-0.01414280146727143,0.0,0.23800852996708605
J3,0.13926475179001474,0.046145728825875656,1.0549339179988237e-12,-0.06033061444374832,-0.0221532427437022,0.0024652426149498474,-0.17209119606715217,-0.05976736047957315,0.0,0.4332080707307448
