entry,entry_or_assoc,yoe_le2,n_yoe,n,j1_share,j2_share,j3_share
362.0,362.0,1511.0,8365.0,11860,0.030522765598650928,0.030522765598650928,0.18063359234907353
