pair,n,agreement_rate,expected_agreement,cohens_kappa
seniority_native__seniority_final,28851,0.9640220442965581,0.7861648021106644,0.831749141120999
seniority_imputed__seniority_final,31000,0.6691935483870968,0.5463288491155046,0.27082325828312037
seniority_native__seniority_imputed,28851,0.6133582891407577,0.5572041026958545,0.12681731422261194
