size_quartile,n,min_company_size,median_company_size,max_company_size,entry_share_final,entry_share_yoe,yoe_le3_share,yoe_ge5_share,ai_any_share,management_strong_share,scope_term_share,soft_skill_share,credential_share,tech_count_positive_share
1,1162,0.0,32.0,92.0,0.029259896729776247,0.06282271944922548,0.16265060240963855,0.3244406196213425,0.1316695352839931,0.17555938037865748,0.3709122203098107,0.3278829604130809,0.6333907056798623,0.8390705679862306
2,1162,92.0,230.0,669.0,0.02667814113597246,0.0783132530120482,0.16179001721170397,0.39328743545611017,0.10585197934595525,0.20654044750430292,0.37607573149741824,0.2710843373493976,0.6712564543889845,0.7994836488812392
3,1161,671.0,2215.0,9287.0,0.04478897502153316,0.08957795004306632,0.1929371231696813,0.40223944875107664,0.12919896640826872,0.26270456503014644,0.41946597760551246,0.2988802756244617,0.7571059431524548,0.8260120585701981
4,1161,9287.0,39817.0,748312.0,0.04565030146425495,0.1421188630490956,0.2558139534883721,0.3798449612403101,0.16279069767441862,0.2558139534883721,0.4418604651162791,0.2739018087855297,0.8277347114556417,0.8225667527993109
