n,mean_yoe,median_yoe,share_le2,share_le3,share_ge5
458,4.179039301310044,3.0,0.28602620087336245,0.5065502183406113,0.425764192139738
