vendor,rate_2026_04
copilot,0.04034935758625668
claude,0.037895192724123
openai,0.03154323661036524
cursor,0.020643857369712717
anthropic,0.012631730908040999
gemini,0.010177566045907319
gpt,0.0067128627111303595
chatgpt,0.0059910495163851595
llama,0.0052692363216399595
mistral,0.0017323516673884798
