labeled_n,labeled_rate,unlabeled_n,unlabeled_rate
25541,0.2400454171723895,6,0.6666666666666666
