seed_a,seed_b,ari
42,1337,0.6349130216386916
42,2026,0.6733044499183413
1337,2026,0.6195237999982217
