vendor,n,rate_raw,rate_core,delta_pp,pct_change,verdict
copilot,14012,0.042534970025692266,0.03989437624892949,-0.2640593776762776,-0.0620805369127517,WEAKENS
claude,14012,0.03825292606337425,0.037467884670282614,-0.07850413930916358,-0.020522388059701496,SURVIVES
openai,14012,0.035826434484727374,0.03075934912931773,-0.5067085355409645,-0.14143426294820707,WEAKENS
cursor,14012,0.021695689409077932,0.02041107622038253,-0.12846131886954035,-0.059210526315789457,WEAKENS
anthropic,14012,0.014773051669997145,0.012489294890094205,-0.22837567799029404,-0.15458937198067635,WEAKENS
gemini,14012,0.010705109905795034,0.01006280331144733,-0.06423065943477035,-0.06000000000000014,WEAKENS
gpt,14012,0.00870682272337996,0.00663716814159292,-0.20696545817870393,-0.23770491803278684,WEAKENS
chatgpt,14012,0.006994005138452755,0.0059234941478732515,-0.10705109905795032,-0.1530612244897959,WEAKENS
github copilot,14012,0.020339708821010563,0.019768769626034827,-0.05709391949757364,-0.028070175438596554,SURVIVES
