claim,n_fde_postings,fde_rate_raw,fde_rate_core,gen_rate_raw,gen_rate_core,ratio_raw,ratio_core,verdict
FDE 2026 AI density vs general SWE,52,0.5384615384615384,0.4807692307692308,0.27643095035241266,0.23758810316784137,1.9479061146194796,2.0235408438342426,SURVIVES
