period,n,mean_len,agentic_rate,pytorch_rate,llm_stack_rate,swe_frac,adj_frac
2024-01,77,2446.103896103896,0.0,0.22077922077922077,0.2597402597402597,0.987012987012987,0.0
2024-04,36,2303.777777777778,0.027777777777777776,0.4166666666666667,0.3055555555555556,0.8611111111111112,0.05555555555555555
2026-03,1042,4167.226487523993,0.3781190019193858,0.28598848368522073,0.6612284069097889,0.8694817658349329,0.046065259117082535
2026-04,531,4325.180790960452,0.3126177024482109,0.2994350282485876,0.6572504708097928,0.8888888888888888,0.026365348399246705
