occ_group,period2,n,entry_share_best,yoe_le2_share,ai_rate,agentic_rate,scope_rate,median_len,mean_len,mean_tech_count,llm_text_share,median_len_llm_text,ai_rate_llm_text
SWE,2024,25360,0.01899546504663301,0.10436304114692103,0.018533123028391166,0.0001971608832807571,0.2950315457413249,2053.0,2254.9842665615142,2.5548107255520507,0.914865930599369,2033.0,0.0190509029783199
SWE,2026,33475,0.054011461318051575,0.16540055248618785,0.2503659447348768,0.08107542942494399,0.4817027632561613,3755.0,3981.661239731143,2.7371172516803584,0.20791635548917103,2556.0,0.2160919540229885
SWE_adjacent,2024,10048,0.021105527638190954,0.12955576949525513,0.018909235668789808,9.952229299363058e-05,0.28821656050955413,2370.0,2613.262539808917,1.0647890127388535,0.9572054140127388,2358.0,0.01933873986275733
SWE_adjacent,2026,8257,0.04126042108237954,0.16841552990556138,0.22768560009688749,0.0817488191837229,0.5581930483226354,3158.0,3393.1762141213517,1.8731984982439143,0.8558798595131404,3000.0,0.22385736521862176
control,2024,120525,0.12924951892238615,0.6089456978053859,0.0008131093134204521,0.0,0.052287907073221326,2122.0,2695.161891723709,0.01583074051026758,0.2279361128396598,1739.0,0.00145602795573675
control,2026,31686,0.10640080428954424,0.44615643209323175,0.012686991100170422,0.004008079277914536,0.18976835195354416,2909.5,3307.3309979170613,0.0410275831597551,0.18768541311620274,2055.0,0.007398688414326551
