occ_group,period2,n,entry_share_best,yoe_le2_share,ai_rate,agentic_rate,scope_rate,median_len,mean_len,mean_tech_count,llm_text_share,median_len_llm_text,ai_rate_llm_text
SWE,2024,28232,0.018702467794505667,0.10340995200808285,0.018631340323037687,0.0001771039954661377,0.29059223576083876,2049.5,2251.1366180221025,2.444566449419099,0.9142816661943893,2028.0,0.019177126917712693
SWE,2026,35062,0.05351996706463565,0.16613656078317982,0.2475899834578746,0.0802293080828247,0.48009240773486966,3737.0,3966.1361873253095,2.693200616051566,0.20731846443443044,2555.0,0.21529784014307332
SWE_adjacent,2024,13543,0.019508136094674555,0.12418166939443535,0.015801521081001257,7.383888355608063e-05,0.29491250092298604,2339.0,2587.4806172930666,1.0417928080927417,0.9576903197223658,2319.5,0.016191210485736313
SWE_adjacent,2026,9823,0.04143908810258846,0.1715932604197458,0.20563982490074315,0.07278835386338185,0.557772574569887,3088.0,3336.1401812073705,1.7780718721368218,0.8557467168889341,2948.0,0.20247442303116822
control,2024,120525,0.12924951892238615,0.6089456978053859,0.0008131093134204521,0.0,0.052287907073221326,2122.0,2695.161891723709,0.01583074051026758,0.2279361128396598,1739.0,0.00145602795573675
control,2026,31686,0.10640080428954424,0.44615643209323175,0.012686991100170422,0.004008079277914536,0.18976835195354416,2909.5,3307.3309979170613,0.0410275831597551,0.18768541311620274,2055.0,0.007398688414326551
