occ_group,period2,n,entry_share_best,yoe_le2_share,ai_rate,agentic_rate,scope_rate,median_len,mean_len,mean_tech_count,llm_text_share,median_len_llm_text,ai_rate_llm_text
SWE,2024,21301,0.02258257063270991,0.11650683533972658,0.01722923806394066,0.00023473076381390546,0.3033660391530914,2134.0,2318.553542087226,2.1281160508896297,0.9100042251537487,2109.0,0.0175402393726785
SWE,2026,30036,0.05225311601150527,0.16841415465268678,0.2553269410041284,0.08270075908909309,0.4947396457584232,3909.5,4120.834165667865,2.6956652017578904,0.20755093887335196,2632.0,0.2197625922361245
SWE_adjacent,2024,11720,0.02119687399636013,0.12706465313827278,0.016638225255972697,8.532423208191126e-05,0.30127986348122865,2354.5,2613.3104948805462,1.0152730375426622,0.9587883959044369,2340.0,0.017086410963780368
SWE_adjacent,2026,8446,0.0388697450034459,0.1734152007965483,0.21300023679848448,0.07553871655221407,0.5732891309495619,3225.5,3462.847620175231,1.8137579919488516,0.8572105138527113,3064.5,0.2106353591160221
control,2024,114624,0.13395744680851063,0.6293372230832346,0.0007939000558347293,0.0,0.04937011446119486,2150.0,2729.02490752373,0.015616275823562255,0.22556358179787828,1754.0,0.0015470895378070005
control,2026,29246,0.1056376573617953,0.4637938421986901,0.01330096423442522,0.004274088764275457,0.18423032209532927,2935.5,3332.658107091568,0.04181768446967107,0.18645284825275252,2073.0,0.008068952869979827
