period_group,slice,n,raw_len_median,raw_len_mean,role_summary_median_chars,role_summary_mean_chars,responsibilities_median_chars,responsibilities_mean_chars,requirements_median_chars,requirements_mean_chars,preferred_median_chars,preferred_mean_chars,benefits_median_chars,benefits_mean_chars,about_company_median_chars,about_company_mean_chars,legal_median_chars,legal_mean_chars,unclassified_median_chars,unclassified_mean_chars
2024,J2_entry_assoc,350,3260.5,3409.4485714285715,16.0,424.00857142857143,390.0,540.9171428571428,828.0,994.8828571428571,0.0,115.22,300.5,510.37142857142857,0.0,163.25428571428571,0.0,288.8828571428571,72.5,342.78
2026,J2_entry_assoc,914,4666.5,4796.065645514223,310.0,546.1542669584245,711.0,826.144420131291,737.5,903.5109409190372,0.0,330.0557986870897,557.5,928.2844638949672,0.0,257.808533916849,86.5,355.92888402625823,286.0,527.425601750547
2024,S1_senior_plus,10574,3876.5,4020.83241914129,14.0,347.4730470966522,400.0,622.7668810289389,1224.0,1430.6727822961982,0.0,153.75345186306035,217.0,528.5830338566294,0.0,155.64828825420844,0.0,311.82551541516926,162.0,435.12909022129753
2026,S1_senior_plus,14133,5561.0,5568.181843911413,375.0,638.4045850137975,914.0,1064.1320314158352,921.0,1111.319323568952,31.0,396.7112431896979,765.0,955.1709474280054,0.0,304.603056675865,216.0,438.2289676643317,248.0,538.9293143706219
2024,mid_senior,10500,3869.0,4015.2526666666668,14.0,345.1844761904762,399.5,622.0537142857142,1221.0,1428.79,0.0,153.2117142857143,218.0,529.236380952381,0.0,155.60114285714286,0.0,310.9592380952381,162.0,435.2663809523809
2026,mid_senior,13859,5549.0,5550.914495995382,368.0,630.1157370661664,907.0,1055.0404069557687,915.0,1109.0620535392163,48.0,398.64643913702287,765.0,953.111479904755,0.0,305.74146763835773,205.0,437.06320802366696,254.0,542.0849267623927
