source,cohen_kappa_4level
kaggle_arshkon,0.403390420647183
kaggle_asaniczka,0.08276007918536972
scraped,0.49114572472887447
