native_label,n_native,diag,per_class_accuracy
entry,703,476,0.6770981507823614
associate,381,7,0.01837270341207349
mid-senior,14099,13845,0.9819845379104901
director,239,43,0.1799163179916318
