native_label,n_native,diag,per_class_accuracy
entry,120,53,0.44166666666666665
associate,82,4,0.04878048780487805
mid-senior,1422,1393,0.9796061884669479
director,15,5,0.3333333333333333
