term,category,prevalence_2024,prevalence_2026,ratio_2026_to_2024,delta_pp,company_count
genai,ai_tool,0.0013163498393278872,0.03182042427232363,24.17322760381903,3.0504074432995743,197
llm,ai_tool,0.004994386155096984,0.10409472126295018,20.842345391478606,9.91003351078532,513
gpt,ai_tool,0.0013550660110728252,0.01356684755796744,10.011945873564027,1.2211781546894613,109
observability,tech_stack,0.01556390104146502,0.15318204242723235,9.84213675087807,13.761814138576733,708
llms,ai_tool,0.011498703008246545,0.07967439565860879,6.928989782714499,6.817569265036225,418
throughput,sys_design,0.011498703008246545,0.048593981253083375,4.226040208033301,3.7095278244836827,968
pragmatic,ai_tool,0.00615587130744512,0.022940305870744943,3.7265733354432147,1.6784434563299824,399
encouraging,ai_tool,0.003368306941809594,0.01110014800197336,3.2954680775054013,0.7731841060163767,770
enrollment,ai_tool,0.0014324983545627007,0.004440059200789344,3.0995213269510264,0.30075608462266434,1231
