source,method,n_companies,n_companies_ge5,companies_with_any_entry,companies_with_any_entry_ge5,share_ge5_zero_entry,n_entry_specialists,median_company_entry_share,p90_company_entry_share,p95_company_entry_share
kaggle_arshkon,seniority_final,2298,164,147,34,0.7926829268292683,1,0.0,0.0,0.25
kaggle_arshkon,yoe_proxy,2298,164,320,71,0.5670731707317073,7,0.0,0.3333333333333333,1.0
kaggle_asaniczka,seniority_final,4948,632,115,58,0.9082278481012658,0,0.0,0.0,0.0
kaggle_asaniczka,yoe_proxy,4948,632,781,265,0.5806962025316456,11,0.0,0.3333333333333333,1.0
scraped,seniority_final,7510,1372,546,247,0.8199708454810496,7,0.0,0.0,0.16666666666666666
scraped,yoe_proxy,7510,1372,1454,648,0.5276967930029155,25,0.0,0.3333333333333333,1.0
