source,seniority_native,n,unique_titles,junior_cue_rate,senior_cue_rate,associate_token_rate,yoe_non_null,yoe_le_2_rate,yoe_le_3_rate,yoe_median,yoe_p25,yoe_p75
kaggle_arshkon,associate,263,183,0.0,0.011406844106463879,0.030418250950570342,149,0.2953020134228188,0.5704697986577181,3.0,2.0,5.0
kaggle_arshkon,entry,738,434,0.008130081300813009,0.009485094850948509,0.01084010840108401,458,0.28602620087336245,0.5065502183406113,3.0,2.0,5.0
kaggle_arshkon,mid-senior,2231,1079,0.0022411474675033617,0.029583146571044376,0.004034065441506051,1477,0.08192281651997292,0.21936357481381177,5.0,4.0,7.0
kaggle_asaniczka,associate,1820,1000,0.006593406593406593,0.016483516483516484,0.020879120879120878,1257,0.21957040572792363,0.42800318217979316,4.0,3.0,5.0
