source_platform,n,entry_share_final,entry_share_yoe_le2,entry_share_yoe_le3,unknown_share_final,rule_only_share,llm_share
indeed,10464,0.03077217125382263,0.12729357798165136,0.261085626911315,0.5391819571865444,0.4608180428134557,0.0
linkedin,37152,0.02804694229112834,0.11646748492678725,0.2290859173126615,0.5459463824289406,0.4396263996554694,0.08599806201550388
