period,seniority,n,mean_aspiration_ratio
2024-01,junior,109,0.7071865443425076
2024-01,mid,1282,0.9135883292474556
2024-01,senior,19607,0.7546519059843383
2024-04,junior,686,0.6368353463834513
2024-04,mid,200,0.7539166666666667
2024-04,senior,2536,0.7071597566471384
2024-04,unknown,798,0.6006683375104428
2026-03,junior,2890,0.7139578184214863
2026-03,mid,585,0.8156125356125355
2026-03,senior,17609,0.761852998151198
2026-03,unknown,1554,0.6660798553655697
