period,seniority,n,mean_mgmt_rate
2024-01,junior,130,0.3923076923076923
2024-01,mid,1450,0.3917241379310345
2024-01,senior,21633,0.5675588221698331
2024-04,junior,830,0.39397590361445783
2024-04,mid,228,0.4473684210526316
2024-04,senior,3008,0.5132978723404256
2024-04,unknown,953,0.2696747114375656
2026-03,junior,3255,0.616589861751152
2026-03,mid,622,0.6189710610932476
2026-03,senior,18592,0.7560240963855421
2026-03,unknown,1626,0.7115621156211562
