period,n,mismatch_rate
2024-01,130,0.05384615384615385
2024-04,830,0.2457831325301205
2026-03,3255,0.06789554531490015
