period,seniority,n,mean_ai_rate
2024-01,junior,130,0.12307692307692308
2024-01,mid,1450,0.1482758620689655
2024-01,senior,21633,0.1392317293024546
2024-04,junior,830,0.11325301204819277
2024-04,mid,228,0.09210526315789473
2024-04,senior,3008,0.1276595744680851
2024-04,unknown,953,0.24763903462749212
2026-03,junior,3255,0.5035330261136712
2026-03,mid,622,0.4405144694533762
2026-03,senior,18592,0.5369513769363167
2026-03,unknown,1626,0.6045510455104551
