section,pct_2026_entry,pct_2024_entry
requirements,25.909317389138014,47.08994708994709
responsibilities,40.75734927752865,39.682539682539684
about_company,16.34280019930244,1.3227513227513228
benefits,14.54907822620827,3.1746031746031744
unknown,44.992526158445436,30.952380952380953
